name,loss
fico_d11k4,0.584812439587
ilpd_d11k4,0.509173197040
mammo_d11k4,0.467206715866
australian_d11k4,0.331816980378
adult_d11k4,0.388325431185
syn4_d12k4,0.607606518230
syn0_d12k4,0.557036747912
syn3_d12k4,0.562447198454
syn2_d12k4,0.592984518038
syn1_d12k4,0.511776935957
compas_d8k5,0.617995269735
magic_d8k5,0.433967492274
bank_d8k5,0.268468113893
syn5_d8k5,0.397603732678
syn7_d8k5,0.302476019197
syn6_d8k5,0.487380870850
heart_d8k5,0.342760868762
mushroom_d8k5,0.100546308818
syn9_d8k5,0.521563077619
syn8_d8k5,0.458309700351
