model,suite,dataset,k,n_train,d,status,seconds,nnz,loss,best_known,regret,auc_train,auc_test,loss_test,a,b,points,note
fasterrisk_wide,hidden,Amazon_employee_access,3,10000,107,ok,28.578,3,0.2167037169724265,0.21658597,0.00011774697242650234,0.5844059288412192,0.6058056958781756,0.2142085516585185,0.5437507731147332,-2.991907290354626,"{""ROLE_ROLLUP_2=118052"": 2, ""ROLE_FAMILY=19721"": 1, ""ROLE_FAMILY=292795"": 2}",
fasterrisk_wide,hidden,Amazon_employee_access,4,10000,107,ok,52.9496,4,0.2152786020387733,0.21516535,0.00011325203877329826,0.5985755740996073,0.6288117724577202,0.211243426621285,0.5567065185137516,-3.0293120295916176,"{""ROLE_ROLLUP_2=118052"": 2, ""ROLE_FAMILY=19721"": 1, ""ROLE_FAMILY=292795"": 2, ""ROLE_FAMILY=19793"": 3}",
fasterrisk_wide,hidden,Amazon_employee_access,5,10000,107,ok,93.5069,5,0.2143317775985272,0.21426408,6.769759852720547e-05,0.6061517108271879,0.6378753935134344,0.2100533482163795,0.552448180625692,-3.005759846077129,"{""RESOURCE=4675"": -4, ""ROLE_ROLLUP_2=118052"": 2, ""ROLE_FAMILY=19721"": 1, ""ROLE_FAMILY=292795"": 2, ""ROLE_FAMILY=19793"": 3}",
fasterrisk_wide,hidden,Amazon_employee_access,7,10000,107,ok,179.5185,7,0.212834450779987,0.21272137,0.00011308077998700705,0.6237937368085373,0.6401039607584743,0.2101918259655659,0.5839295677196881,-3.059763152714046,"{""RESOURCE=4675"": -4, ""ROLE_ROLLUP_1=119062"": 2, ""ROLE_ROLLUP_2=118052"": 2, ""ROLE_TITLE=118396"": 2, ""ROLE_FAMILY=19721"": 1, ""ROLE_FAMILY=292795"": 2, ""ROLE_FAMILY=19793"": 3}",
fasterrisk_wide,hidden,Amazon_employee_access,10,10000,107,ok,362.2315,10,0.210957769601924,0.21071702,0.0002407496019239952,0.6476312702357703,0.6582751299509482,0.2104953025493328,0.5273405470881866,-3.197430354642984,"{""RESOURCE=4675"": -5, ""ROLE_ROLLUP_1=119062"": 3, ""ROLE_ROLLUP_2=118052"": 2, ""ROLE_TITLE=117905"": -1, ""ROLE_TITLE=118777"": 2, ""ROLE_TITLE=118396"": 3, ""ROLE_FAMILY_DESC=117906"": 1, ""ROLE_FAMILY=19721"": 2, ""ROLE_FAMILY=292795"": 2, ""ROLE_FAMILY=19793"": 3}",
fasterrisk_wide,hidden,APSFailure,3,10000,399,ok,61.6858,3,0.045231897513494,0.0452095,2.239751349399771e-05,0.967983765830032,0.97050916496945,0.0461128447675346,0.83962972027292,-0.8107607778970062,"{""bt_000<=118342"": -3, ""ck_000<=1.20757e+06"": -3, ""az_001<=6364"": -2}",
fasterrisk_wide,hidden,APSFailure,4,10000,399,ok,100.0981,4,0.0437663583902178,0.04375968,6.678390217798591e-06,0.9685464363543675,0.97346911065852,0.0442674771340845,0.6746442704496395,-0.6249236285408006,"{""bt_000<=118342"": -4, ""ck_000<=1.20757e+06"": -3, ""bx_000 missing"": -3, ""az_001<=6364"": -3}",
fasterrisk_wide,hidden,APSFailure,5,10000,399,ok,155.7389,5,0.0427666821434572,0.04275655,1.0132143457200482e-05,0.9748913905220402,0.9735596288753112,0.0453253246261663,0.5325117760156522,-0.5033173560647706,"{""bt_000<=118342"": -4, ""ck_000<=1.20757e+06"": -4, ""bx_000 missing"": -4, ""az_001<=6364"": -3, ""cn_003<=931764"": -2}",
fasterrisk_wide,hidden,APSFailure,7,10000,399,ok,297.7195,7,0.040671685519375,0.04067169,-4.480625002967198e-09,0.9778915497577986,0.972020819189862,0.0467399224548967,0.6709867889430937,-0.5107452381984835,"{""bt_000<=118342"": -3, ""ck_000<=1.20757e+06"": -5, ""cs_004<=510174"": -3, ""bx_000 missing"": -3, ""ee_000<=1.24023e+06"": 4, ""az_001<=6364"": -2, ""cn_003<=931764"": -2}",
fasterrisk_wide,hidden,APSFailure,10,10000,399,ok,542.8131,10,0.0397738749367318,0.0394533,0.0003205749367318003,0.978728522162748,0.9729169495360942,0.0458895500050001,0.6722101539259229,-0.5363092174566689,"{""bt_000<=118342"": -3, ""ck_000<=1.20757e+06"": -5, ""bh_000 missing"": 2, ""cs_004<=510174"": -3, ""cc_000 missing"": -4, ""az_002<=10032"": -2, ""ee_000<=1.24023e+06"": 4, ""az_000<=9862"": -1, ""ag_005<=2.29016e+06"": 2, ""cn_003<=931764"": -3}",
fasterrisk_wide,hidden,Bank_Customer_Churn,3,8000,54,ok,13.266,3,0.3919503102218908,0.39195031,2.218907835249695e-10,0.791730841463532,0.7853292429563616,0.3959239264778634,0.8334690394708334,2.596158388889767,"{""age<=42"": -2, ""products_number<=1"": 2, ""products_number<=2"": -5}",
fasterrisk_wide,hidden,Bank_Customer_Churn,4,8000,54,ok,23.0347,4,0.3774194914600253,0.37741949,1.4600252673524494e-09,0.8187578372547699,0.8105509207204123,0.3821620564797092,0.8722412340273915,3.178239884360577,"{""age<=42"": -2, ""products_number<=1"": 2, ""products_number<=2"": -5, ""active_member=1"": -1}",
fasterrisk_wide,hidden,Bank_Customer_Churn,5,8000,54,ok,36.5913,5,0.3680227748563262,0.36802277,4.856326174529357e-09,0.8296680182219183,0.8243806209907903,0.3704416536208655,0.8706006576719009,2.909006213539207,"{""country=Germany"": 1, ""age<=42"": -2, ""products_number<=1"": 2, ""products_number<=2"": -5, ""active_member=1"": -1}",
fasterrisk_wide,hidden,Bank_Customer_Churn,7,8000,54,ok,70.1775,7,0.3623827354670651,0.36222235,0.00016038546706509393,0.8396941664820717,0.8343019444714361,0.3632682137262131,0.7823687855494538,2.270376121480639,"{""country=Germany"": 1, ""gender=Male"": -1, ""age<=33"": -1, ""age<=42"": -2, ""products_number<=1"": 2, ""products_number<=2"": -5, ""active_member=0"": 1}",
fasterrisk_wide,hidden,Bank_Customer_Churn,10,8000,54,ok,126.5105,8,0.359972489962605,0.35986705,0.00010543996260498067,0.8419065596979708,0.8411446886023157,0.3567274475295512,0.8051355762208362,2.546002826747204,"{""country=Germany"": 1, ""gender=Female"": 1, ""age<=35"": -1, ""age<=42"": -1, ""age<=46"": -1, ""products_number<=1"": 2, ""products_number<=2"": -5, ""active_member=1"": -1}",
fasterrisk_wide,hidden,Bioresponse,3,3000,306,ok,11.42,3,0.5469605985744953,0.5469606,-1.4255047142697208e-09,0.7826754544017985,0.7667204731158219,0.5644560817134154,1.0190295243254952,1.028620832325934,"{""D27=1"": -2, ""D84<=0.128569"": -1, ""D88<=0.0963"": 1}",
fasterrisk_wide,hidden,Bioresponse,4,3000,306,ok,17.6281,4,0.5402361770251833,0.54007801,0.00015816702518334225,0.797231129281861,0.7791804754014057,0.5604253788805297,0.3603443204937258,-0.0119962720694442,"{""D27=1"": -5, ""D84<=0.0849"": -2, ""D88<=0.0963"": 3, ""D469<=0"": 2}",
fasterrisk_wide,hidden,Bioresponse,5,3000,306,ok,24.7556,5,0.5354725002622768,0.53539798,7.45202622767227e-05,0.8006630642503528,0.7826659905148277,0.55699276813748,0.3469369392348391,0.3012197455786932,"{""D27=1"": -5, ""D14<=0.0685"": 2, ""D84<=0.128569"": -3, ""D88<=0.0963"": 3, ""D469<=0"": 2}",
fasterrisk_wide,hidden,Bioresponse,7,3000,306,ok,41.3678,7,0.5297901908763558,0.52979019,8.763557657331944e-10,0.8099518727804785,0.7938903491229073,0.5517556520225498,0.3371540064387985,0.3484349626094955,"{""D27=1"": -5, ""D66<=0.0167"": 1, ""D14<=0.0685"": 2, ""D84<=0.0849"": -2, ""D88<=0.0963"": 3, ""D469<=0"": 2, ""D47<=0.325696"": -2}",
fasterrisk_wide,hidden,Bioresponse,10,3000,306,ok,74.8222,10,0.5227543690615256,0.5219204,0.0008339690615256634,0.814623807731064,0.7927796983029541,0.548166537913136,0.471233000013011,0.946112932320918,"{""D27=1"": -4, ""D54<=0.0624"": 2, ""D54<=0.086"": -2, ""D66<=0.0167"": 1, ""D14<=0.0685"": 1, ""D67<=0.102371"": -1, ""D84<=0.128569"": -2, ""D88<=0.0963"": 2, ""D469<=0"": 1, ""D47<=0.325696"": -1}",
fasterrisk_wide,hidden,blood-transfusion,3,598,32,ok,2.5741,3,0.4727994638665125,0.47265366,0.0001458038665125283,0.734247590808006,0.6950536062378168,0.4960576310372708,0.3803483038810394,-1.924820141033496,"{""MonthsSinceLastDonation<=8"": 3, ""NumberOfDonations<=4"": -4, ""MonthsSinceFirstDonation<=43"": 3}",
fasterrisk_wide,hidden,blood-transfusion,4,598,32,ok,4.7213,4,0.46497563969682,0.46495807,1.756969681998566e-05,0.7391354707190513,0.6877436647173489,0.5077852336286431,0.2850001486305217,-1.1793110311935366,"{""MonthsSinceLastDonation<=8"": 4, ""NumberOfDonations<=4"": -5, ""NumberOfDonations<=11"": -4, ""MonthsSinceFirstDonation<=43"": 5}",
fasterrisk_wide,hidden,blood-transfusion,5,598,32,ok,7.5796,5,0.4614361074065101,0.46127418,0.0001619274065101095,0.7524400790709167,0.7073586744639376,0.4986306905332574,0.3347489419137976,-1.7258850197189577,"{""MonthsSinceLastDonation<=4"": 3, ""MonthsSinceLastDonation<=14"": 2, ""NumberOfDonations<=11"": -3, ""TotalBloodDonated<=1000"": -4, ""MonthsSinceFirstDonation<=43"": 4}",
fasterrisk_wide,hidden,blood-transfusion,7,598,32,ok,15.874,7,0.4549555138270643,0.45491564,3.9873827064274e-05,0.7672504324190759,0.7000487329434699,0.5072457948123866,0.2830210081985745,-1.7729923987244105,"{""MonthsSinceLastDonation<=4"": 3, ""MonthsSinceLastDonation<=14"": 3, ""NumberOfDonations<=4"": -4, ""NumberOfDonations<=11"": -5, ""TotalBloodDonated<=250"": -2, ""MonthsSinceFirstDonation<=43"": 3, ""MonthsSinceFirstDonation<=53"": 3}",
fasterrisk_wide,hidden,blood-transfusion,10,598,32,ok,32.1268,10,0.4471216064970042,0.44712161,-3.5029957823340396e-09,0.7804006053867062,0.6749512670565302,0.5314519163363273,0.2639863349015003,-1.8476703127758207,"{""MonthsSinceLastDonation<=4"": 3, ""MonthsSinceLastDonation<=14"": 3, ""TotalBloodDonated<=500"": -3, ""TotalBloodDonated<=1000"": -3, ""TotalBloodDonated<=1500"": -3, ""TotalBloodDonated<=2750"": -4, ""MonthsSinceFirstDonation<=23"": 3, ""MonthsSinceFirstDonation<=35"": -3, ""MonthsSinceFirstDonation<=43"": 5, ""MonthsSinceFirstDonation<=53"": 4}",
fasterrisk_wide,hidden,churn,3,4000,148,ok,11.8082,3,0.3055707938745336,0.30489149,0.0006793038745336322,0.8189462679379558,0.8186783246228915,0.2996325867703884,0.596883894829395,4.2323205922674285,"{""international_plan=0"": -4, ""total_day_minutes<=249.6"": -4, ""number_customer_service_calls<=3"": -4}",
fasterrisk_wide,hidden,churn,4,4000,148,ok,20.3872,4,0.2976826244672085,0.29768262,4.4672084920094335e-09,0.8436645291010082,0.8494620992577547,0.2860324151875569,0.518886103452612,3.493724629485048,"{""international_plan=0"": -4, ""voice_mail_plan=0"": 2, ""total_day_minutes<=249.6"": -5, ""number_customer_service_calls<=3"": -5}",
fasterrisk_wide,hidden,churn,5,4000,148,ok,34.3319,5,0.2915986949628955,0.29086766,0.0007310349628955048,0.8639884670237965,0.8589156119188567,0.2882149604899364,0.5702703141817229,3.266877886249443,"{""international_plan=1"": 4, ""voice_mail_plan=1"": -2, ""total_day_charge<=42.43"": -4, ""total_eve_minutes<=243"": -2, ""number_customer_service_calls<=3"": -5}",
fasterrisk_wide,hidden,churn,7,4000,148,ok,63.3934,7,0.2839478388403569,0.28394784,-1.1596431037652621e-09,0.8717910790247598,0.872369322732189,0.2778042691192495,0.5489906256529965,4.921800123801673,"{""international_plan=0"": -4, ""voice_mail_plan=0"": 2, ""total_day_charge<=42.43"": -5, ""total_eve_minutes<=243"": -2, ""total_intl_minutes<=12.5"": -1, ""total_intl_calls<=2"": 1, ""number_customer_service_calls<=3"": -5}",
fasterrisk_wide,hidden,churn,10,4000,148,ok,124.7739,10,0.2777778092301456,0.27775146,2.6349230145605862e-05,0.8780314193339932,0.8731825725113318,0.2732985335999162,0.5814648554813546,4.001731616991941,"{""international_plan=1"": 4, ""voice_mail_plan=1"": -2, ""total_day_minutes<=225.6"": -2, ""total_day_minutes<=249.6"": -3, ""total_day_charge<=23.09"": 1, ""total_eve_minutes<=243"": -2, ""total_night_minutes<=158.6"": -1, ""total_intl_calls<=2"": 1, ""total_intl_charge<=3.38"": -1, ""number_customer_service_calls<=3"": -5}",
fasterrisk_wide,hidden,coil2000_insurance_policies,3,7857,176,ok,26.356,3,0.2052412071376355,0.20524121,-2.8623645120795516e-09,0.7263726806450383,0.7403846153846154,0.2039782149243504,0.4204045932352338,-1.1498258027904675,"{""contributionCarPolicies<=5"": -3, ""purchasingPowerClass<=6"": -2, ""contributionFirePolicies<=2"": -2}",
fasterrisk_wide,hidden,coil2000_insurance_policies,4,7857,176,ok,45.9939,4,0.2036235902758909,0.20362359,2.7589089346413687e-10,0.7335821184125009,0.7449541199541199,0.203268457629128,0.4175420853239372,0.9013807517551972,"{""contributionCarPolicies<=5"": -3, ""purchasingPowerClass<=6"": -2, ""contributionFirePolicies<=2"": -2, ""numberOfBoatPolicies<=0"": -5}",
fasterrisk_wide,hidden,coil2000_insurance_policies,5,7857,176,ok,70.6672,5,0.202296336654429,0.20221623,8.010665442900744e-05,0.7423648733669421,0.7501988751988752,0.2025864411023992,0.6712668578250642,0.1384658091361084,"{""contributionCarPolicies<=5"": -2, ""purchasingPowerClass<=6"": -1, ""contributionFirePolicies<=2"": -1, ""incomeLessThan30k<=3"": 1, ""numberOfBoatPolicies<=0"": -3}",
fasterrisk_wide,hidden,coil2000_insurance_policies,7,7857,176,ok,139.7711,7,0.2000767652634796,0.20004183,3.49352634795852e-05,0.7560573361054577,0.7605218855218856,0.2010436400519031,0.4406803566502783,0.6110858834253908,"{""contributionCarPolicies<=5"": -3, ""purchasingPowerClass<=6"": -1, ""contributionFirePolicies<=2"": -2, ""numberOfThirdPartyInsuranceAgriculture=1"": -5, ""farmer<=0"": 1, ""averageIncome<=3"": -1, ""numberOfBoatPolicies<=0"": -5}",
fasterrisk_wide,hidden,coil2000_insurance_policies,10,7857,176,ok,269.7628,10,0.1981339902469581,0.19808038,5.361024695810235e-05,0.7637566768216307,0.7534664409664409,0.2028831190179725,0.4107672796927964,0.3419546959790104,"{""customerSubtype=Large family, employed child"": -2, ""contributionCarPolicies<=5"": -3, ""purchasingPowerClass<=6"": -1, ""customerMainType=Living well"": -2, ""contributionFirePolicies<=2"": -2, ""lowerLevelEducation<=2"": 1, ""numberOfThirdPartyInsuranceAgriculture=1"": -5, ""farmer<=0"": 1, ""averageIncome<=3"": -1, ""numberOfBoatPolicies<=0"": -5}",
fasterrisk_wide,hidden,credit-g,3,800,87,ok,4.7494,3,0.5363388840647771,0.53625763,8.125406477710317e-05,0.7257738095238094,0.7713095238095239,0.5046341307696736,0.3324793563897287,0.0724726834997771,"{""checking_status=no checking account"": -5, ""duration_months<=15"": -2, ""credit_history=critical account / other credits existing"": -2}",
fasterrisk_wide,hidden,credit-g,4,800,87,ok,8.4376,4,0.5253631839566748,0.52536318,3.956674765603907e-09,0.7451004464285715,0.7661309523809523,0.5096589749009146,0.3814568795887759,-0.3978908041858616,"{""checking_status=no checking account"": -4, ""duration_months<=15"": -2, ""credit_history=critical account / other credits existing"": -2, ""savings_status=< 100 DM"": 2}",
fasterrisk_wide,hidden,credit-g,5,800,87,ok,11.6221,5,0.5167323369709708,0.51673234,-3.029029249645987e-09,0.756781994047619,0.7638690476190476,0.5180535068443953,0.3969400941469995,-0.310312280457355,"{""checking_status=no checking account"": -4, ""duration_months<=15"": -2, ""credit_history=critical account / other credits existing"": -2, ""savings_status=< 100 DM"": 2, ""other_debtors=guarantor"": -4}",
fasterrisk_wide,hidden,credit-g,7,800,87,ok,20.6236,7,0.5051970620418896,0.50510084,9.622204188963757e-05,0.7729501488095237,0.7701190476190476,0.5082552122717575,0.2948367684091373,-0.6355357459226278,"{""checking_status=no checking account"": -5, ""duration_months<=15"": -3, ""credit_history=critical account / other credits existing"": -3, ""credit_purpose=car (new)"": 3, ""credit_purpose=education"": 4, ""savings_status=< 100 DM"": 3, ""other_debtors=guarantor"": -5}",
fasterrisk_wide,hidden,credit-g,10,800,87,ok,38.5767,10,0.4911824965930687,0.49091248,0.0002700165930686893,0.7919828869047619,0.7847023809523809,0.505774428327756,0.2863108333277119,0.2348921483514485,"{""checking_status=no checking account"": -5, ""duration_months<=15"": -3, ""credit_history=critical account / other credits existing"": -3, ""credit_purpose=car (new)"": 2, ""credit_purpose=car (used)"": -4, ""credit_amount<=4796"": -3, ""savings_status=< 100 DM"": 3, ""employment_since=4 <= ... < 7 years"": -2, ""other_debtors=guarantor"": -5, ""housing=rent"": 2}",
fasterrisk_wide,hidden,credit_card_clients_default,3,10000,154,ok,24.2792,3,0.4471941713143474,0.44692282,0.0002713513143474122,0.7220807200023033,0.7203250514771647,0.4441421682792386,0.4540693539407783,1.2917204979787171,"{""PAY_0<=0"": -2, ""PAY_0<=1"": -3, ""PAY_3<=0"": -2}",
fasterrisk_wide,hidden,credit_card_clients_default,4,10000,154,ok,35.5094,4,0.4435849918981462,0.44339288,0.00019211189814621887,0.7480408434267585,0.7505152360333652,0.4415741570059286,0.2930190258729874,1.1178222127283453,"{""PAY_0<=0"": -3, ""PAY_0<=1"": -5, ""PAY_5<=0"": -3, ""PAY_AMT2<=1600"": 2}",
fasterrisk_wide,hidden,credit_card_clients_default,5,10000,154,ok,51.9129,5,0.4415190902255416,0.44144378,7.531022554158051e-05,0.754789907225007,0.7613303166832452,0.4381235401075802,0.4456170638818073,0.841468010816194,"{""LIMIT_BAL<=140000"": 1, ""PAY_0<=0"": -2, ""PAY_0<=1"": -3, ""PAY_5<=0"": -2, ""PAY_AMT2<=1600"": 1}",
fasterrisk_wide,hidden,credit_card_clients_default,7,10000,154,ok,97.0036,7,0.4387279529437588,0.43870291,2.5042943758823988e-05,0.7633487404928619,0.7763773450321402,0.4330284083313339,0.3923250141086705,0.8171230031700707,"{""LIMIT_BAL<=140000"": 1, ""PAY_0<=0"": -2, ""PAY_0<=1"": -3, ""PAY_2<=0"": -1, ""PAY_5<=0"": -2, ""PAY_AMT2<=1600"": 1, ""PAY_AMT3<=0"": 1}",
fasterrisk_wide,hidden,credit_card_clients_default,10,10000,154,ok,191.5738,10,0.4356658877578577,0.43566589,-2.242142305153294e-09,0.7710472120134747,0.7763220831231986,0.4306220665006377,0.2490985496065689,0.9938973405146896,"{""LIMIT_BAL<=140000"": 2, ""PAY_0<=-1"": 2, ""PAY_0<=0"": -4, ""PAY_0<=1"": -5, ""PAY_3<=0"": -2, ""PAY_5<=0"": -2, ""BILL_AMT1<=141697"": -4, ""PAY_AMT1<=4300"": 2, ""PAY_AMT2<=6000"": 2, ""PAY_AMT3<=0"": 1}",
fasterrisk_wide,hidden,customer_satisfaction_in_airline,3,10000,109,ok,13.0626,3,0.4281015839681115,0.42727556,0.0008260239681114889,0.8639011340477325,0.8625701935197239,0.4299196115238181,1.043706870853111,1.433346609969101,"{""Seatcomfort=5"": -5, ""Inflightentertainment=4"": -2, ""Inflightentertainment=5"": -4}",
fasterrisk_wide,hidden,customer_satisfaction_in_airline,4,10000,109,ok,29.5037,4,0.3908874365334163,0.38778757,0.0030998665334162623,0.8879782964695033,0.8874504706259171,0.3931676046176184,0.9314025520702304,1.8570345425263683,"{""Seatcomfort=5"": -5, ""Seatcomfort=0"": -5, ""Inflightentertainment=4"": -3, ""Inflightentertainment=5"": -4}",
fasterrisk_wide,hidden,customer_satisfaction_in_airline,5,10000,109,ok,57.6408,5,0.3641123008921705,0.36357065,0.0005416508921705088,0.9116419426038584,0.910200080590168,0.3667300248776335,1.2849773736234704,2.3909698236609445,"{""Class=Business"": -1, ""Seatcomfort=5"": -4, ""Seatcomfort=0"": -4, ""Inflightentertainment=4"": -2, ""Inflightentertainment=5"": -3}",
fasterrisk_wide,hidden,customer_satisfaction_in_airline,7,10000,109,ok,116.7138,7,0.3240495847515099,0.32404958,4.751509907752194e-09,0.9322404017804168,0.9311764485566096,0.3271972668470117,1.092187544002878,3.316659327689042,"{""Class=Business"": -1, ""Seatcomfort=5"": -5, ""Seatcomfort=0"": -5, ""Inflightentertainment=4"": -2, ""Inflightentertainment=5"": -3, ""EaseofOnlinebooking=4"": -2, ""EaseofOnlinebooking=5"": -2}",
fasterrisk_wide,hidden,customer_satisfaction_in_airline,10,10000,109,ok,237.13,10,0.2923917351566327,0.28960957,0.00278216515663271,0.9446713391114484,0.9446888625421032,0.2937353915414586,1.077459149979481,5.33154593821378,"{""CustomerType=Loyal Customer"": -2, ""TypeofTravel=Business travel"": -1, ""Seatcomfort=5"": -5, ""Seatcomfort=0"": -5, ""DepartureArrivaltimeconvenient=5"": 1, ""Inflightentertainment=4"": -2, ""Inflightentertainment=5"": -3, ""EaseofOnlinebooking=4"": -2, ""EaseofOnlinebooking=5"": -2, ""Cleanliness=5"": -1}",
fasterrisk_wide,hidden,Diabetes130US,3,10000,196,ok,21.2112,3,0.2891901440738703,0.28915758,3.256407387025595e-05,0.6044434061004784,0.6031329744816587,0.2880758710447356,0.5598914003287286,-1.0016768352891403,"{""discharge_disposition_id=Discharged to home"": -1, ""discharge_disposition_id=Discharged/transferred to another rehab fac including rehab units of a hospital ."": 2, ""number_inpatient<=1"": -2}",
fasterrisk_wide,hidden,Diabetes130US,4,10000,196,ok,46.4878,4,0.2884666024359271,0.28742228,0.0010443224359271142,0.6157905327950557,0.6062250797448165,0.2885989259446767,0.5291411556088552,-1.000326917154835,"{""discharge_disposition_id=Discharged to home"": -1, ""discharge_disposition_id=Discharged/transferred to another rehab fac including rehab units of a hospital ."": 2, ""number_inpatient<=1"": -2, ""age=[50-60)"": -1}",
fasterrisk_wide,hidden,Diabetes130US,5,10000,196,ok,65.8509,5,0.2878794022175554,0.28670096,0.0011784422175554199,0.6220292563795854,0.6050448564593301,0.2885096979854659,0.5134735669659811,-0.5682836722802548,"{""discharge_disposition_id=Discharged to home"": -1, ""discharge_disposition_id=Discharged/transferred to another rehab fac including rehab units of a hospital ."": 2, ""number_inpatient<=1"": -2, ""age=[50-60)"": -1, ""number_emergency<=0"": -1}",
fasterrisk_wide,hidden,Diabetes130US,7,10000,196,ok,116.5865,6,0.2873507334504806,0.28556516,0.0017855734504806375,0.6146677506977671,0.6120813397129187,0.287256969513065,0.7285440810152475,-1.2651634939540268,"{""diag_1=434"": 1, ""discharge_disposition_id=Discharged to home"": -1, ""discharge_disposition_id=Discharged/transferred to another rehab fac including rehab units of a hospital ."": 1, ""discharge_disposition_id=Expired"": -5, ""discharge_disposition_id=Not Mapped"": -1, ""number_inpatient<=1"": -1}",
fasterrisk_wide,hidden,Diabetes130US,10,10000,196,ok,194.5847,7,0.2870453529251608,0.28451358,0.0025317729251608245,0.6232819976076556,0.6105861244019138,0.2881696292240411,0.7137411994255797,-0.6199636392294607,"{""diag_1=584"": 1, ""discharge_disposition_id=Discharged to home"": -1, ""discharge_disposition_id=Discharged/transferred to another rehab fac including rehab units of a hospital ."": 1, ""discharge_disposition_id=Expired"": -5, ""discharge_disposition_id=Not Mapped"": -1, ""number_inpatient<=1"": -1, ""number_emergency<=0"": -1}",
fasterrisk_wide,hidden,E-CommereShippingData,3,8799,52,ok,7.0383,3,0.5142583732830384,0.51425837,3.2830383966953036e-09,0.7132380952380952,0.7136329017517136,0.5138646530372573,12.127459518479569,-36.21798493127496,"{""Discount_offered<=10"": 3, ""Weight_in_gms<=2064"": 2, ""Weight_in_gms<=3318"": -2}",
fasterrisk_wide,hidden,E-CommereShippingData,4,8799,52,ok,17.268,4,0.5142583732830047,0.51425837,3.2830047569376575e-09,0.7132380952380952,0.7136329017517136,0.5138646530372228,6.083112993183962,-36.33428433493983,"{""Discount_offered<=10"": 5, ""Discount_offered<=20"": 1, ""Weight_in_gms<=2064"": 4, ""Weight_in_gms<=3318"": -4}",
fasterrisk_wide,hidden,E-CommereShippingData,5,8799,52,ok,45.257,4,0.5142583732829281,0.51425837,3.2829281515489583e-09,0.7132380952380952,0.7136329017517136,0.513864653037128,8.536061192812362,-33.979851147085256,"{""Discount_offered<=10"": 3, ""Discount_offered<=20"": 1, ""Weight_in_gms<=2064"": 3, ""Weight_in_gms<=3318"": -3}",
fasterrisk_wide,hidden,E-CommereShippingData,7,8799,52,ok,115.1189,6,0.5129612704888523,0.51061326,0.002348010488852359,0.7431107890888111,0.7329287130430153,0.518647264941122,0.7934820283502662,-3.8309327030974223,"{""Prior_purchases<=3"": -1, ""Prior_purchases<=5"": 1, ""Discount_offered<=10"": 5, ""Weight_in_gms<=2064"": 4, ""Weight_in_gms<=3318"": -4, ""Weight_in_gms<=4147"": -1}",
fasterrisk_wide,hidden,E-CommereShippingData,10,8799,52,ok,279.7341,7,0.5112286181897348,0.5105553,0.0006733181897347063,0.7431107890888111,0.7329287130430153,0.5161922416038374,0.7113281882024625,-4.837051619297953,"{""Prior_purchases<=3"": -1, ""Prior_purchases<=5"": 1, ""Discount_offered<=10"": 5, ""Discount_offered<=20"": 2, ""Weight_in_gms<=2064"": 5, ""Weight_in_gms<=3318"": -5, ""Weight_in_gms<=4147"": -1}",
fasterrisk_wide,hidden,Fitness_Club,3,1200,41,ok,4.045,3,0.4750542500664782,0.47503068,2.3570066478240115e-05,0.7991942889303594,0.8082706766917294,0.4746279822773457,0.3058886183006285,0.9516403243050282,"{""months_as_member<=10"": -5, ""months_as_member<=17"": -2, ""months_as_member<=21"": -4}",
fasterrisk_wide,hidden,Fitness_Club,4,1200,41,ok,6.7888,4,0.4711770568821491,0.47116975,7.306882149116234e-06,0.8056222044491839,0.8099794941900205,0.4758005447310112,0.3129755472516234,0.972655579452426,"{""months_as_member<=5"": -4, ""months_as_member<=10"": -4, ""months_as_member<=17"": -2, ""months_as_member<=21"": -4}",
fasterrisk_wide,hidden,Fitness_Club,5,1200,41,ok,10.2917,5,0.4695509078633966,0.46940626,0.0001446478633965742,0.8110775398165428,0.810478994689521,0.4757950465174023,0.3235543616706922,0.9575531376311708,"{""months_as_member<=7"": -3, ""months_as_member<=10"": -3, ""months_as_member<=17"": -2, ""months_as_member<=21"": -4, ""day_of_week=Sun"": 1}",
fasterrisk_wide,hidden,Fitness_Club,7,1200,41,ok,19.8166,7,0.4662691170711475,0.46601007,0.00025904707114748904,0.8169590989727843,0.8083758346916243,0.4794847653567007,0.3239377912073672,0.9516464863226703,"{""months_as_member<=7"": -3, ""months_as_member<=10"": -3, ""months_as_member<=17"": -2, ""months_as_member<=21"": -4, ""day_of_week=Mon"": -1, ""day_of_week=Wed"": -2, ""category=HIIT"": 1}",
fasterrisk_wide,hidden,Fitness_Club,10,1200,41,ok,36.7935,10,0.4624933206204187,0.46248888,4.44062041871085e-06,0.8204594001270443,0.8070876491929124,0.4815428693641293,0.31594431088206,1.216470557443543,"{""months_as_member<=5"": -3, ""months_as_member<=8"": -2, ""months_as_member<=10"": -3, ""months_as_member<=17"": -2, ""months_as_member<=21"": -3, ""months_as_member<=30"": -2, ""day_of_week=Mon"": -1, ""day_of_week=Sun"": 1, ""day_of_week=Wed"": -2, ""category=HIIT"": 1}",
fasterrisk_wide,hidden,GiveMeSomeCredit,3,10000,57,ok,29.9412,3,0.1915728383930994,0.19147142,0.00010141839309940615,0.8224586575856008,0.8097833480060881,0.1924573609277798,0.4560891589444832,0.4415733859995335,"{""RevolvingUtilizationOfUnsecuredLines<=0.284311"": -3, ""NumberOfTime30-59DaysPastDueNotWorse<=0"": -3, ""NumberOfTimes90DaysLate<=0"": -4}",
fasterrisk_wide,hidden,GiveMeSomeCredit,4,10000,57,ok,54.3854,4,0.188978792790574,0.18897879,2.7905739941047614e-09,0.8335191581367476,0.8161897379694105,0.1901249309496992,0.3448349963002162,1.055497297642651,"{""RevolvingUtilizationOfUnsecuredLines<=0.284311"": -4, ""NumberOfTime30-59DaysPastDueNotWorse<=0"": -3, ""NumberOfTimes90DaysLate<=0"": -5, ""NumberOfTime60-89DaysPastDueNotWorse<=0"": -3}",
fasterrisk_wide,hidden,GiveMeSomeCredit,5,10000,57,ok,76.3465,5,0.1872499409682616,0.18706571,0.00018423096826161722,0.8442711254367083,0.8254412734753382,0.1903829820421523,0.3498917136037566,0.2773133349104236,"{""RevolvingUtilizationOfUnsecuredLines<=0.284311"": -4, ""age<=56"": 2, ""NumberOfTime30-59DaysPastDueNotWorse<=0"": -3, ""NumberOfTimes90DaysLate<=0"": -5, ""NumberOfTime60-89DaysPastDueNotWorse<=0"": -2}",
fasterrisk_wide,hidden,GiveMeSomeCredit,7,10000,57,ok,138.92,7,0.185514839880459,0.18547672,3.811988045898662e-05,0.8507283771615549,0.8342513430062293,0.1885090901832721,0.3782897840820001,0.6911048855082348,"{""RevolvingUtilizationOfUnsecuredLines<=0.284311"": -3, ""RevolvingUtilizationOfUnsecuredLines<=0.70173"": -1, ""age<=56"": 2, ""NumberOfTime30-59DaysPastDueNotWorse<=0"": -2, ""NumberOfTime30-59DaysPastDueNotWorse<=1"": -2, ""NumberOfTimes90DaysLate<=0"": -4, ""NumberOfTime60-89DaysPastDueNotWorse<=0"": -2}",
fasterrisk_wide,hidden,GiveMeSomeCredit,10,10000,57,ok,288.3986,10,0.1835350635844826,0.18347263,6.243358448260183e-05,0.8590863282764958,0.8455959918996127,0.1860653411352176,0.3352291835449074,1.3912733712769505,"{""RevolvingUtilizationOfUnsecuredLines<=0.284311"": -3, ""RevolvingUtilizationOfUnsecuredLines<=0.70173"": -2, ""age<=56"": 2, ""NumberOfTime30-59DaysPastDueNotWorse<=0"": -2, ""NumberOfTime30-59DaysPastDueNotWorse<=1"": -2, ""MonthlyIncome<=5420"": 1, ""NumberOfOpenCreditLinesAndLoans<=5"": -1, ""NumberOfTimes90DaysLate<=0"": -5, ""NumberRealEstateLoansOrLines<=2"": -2, ""NumberOfTime60-89DaysPastDueNotWorse<=0"": -2}",
fasterrisk_wide,hidden,hazelnut-contaminant,3,1920,270,ok,10.7234,3,0.4655456722120719,0.46542453,0.00012114221207187859,0.8423166232638889,0.823064236111111,0.4895390192526438,0.6100354518173426,0.6474924466885191,"{""s52<=-0.000834"": 4, ""s53<=0.001822"": -3, ""s53<=0.002446"": -3}",
fasterrisk_wide,hidden,hazelnut-contaminant,4,1920,270,ok,16.6859,4,0.4481692222846382,0.44750101,0.0006682122846382033,0.8622390407986111,0.8486805555555555,0.4620081668892001,0.3822425382168591,0.4588617223327924,"{""s52<=-0.0009"": 5, ""s52<=-0.000728"": 3, ""s53<=0.001822"": -5, ""s53<=0.002446"": -5}",
fasterrisk_wide,hidden,hazelnut-contaminant,5,1920,270,ok,24.1396,5,0.4321078394142502,0.43210784,-5.857498375227976e-10,0.8733740234375,0.8665190972222221,0.4472514132403793,0.4689265958042697,-0.0424684284564077,"{""s46<=0.00234"": -3, ""s52<=-0.0009"": 5, ""s52<=-0.000613"": 3, ""s53<=0.002446"": -4, ""s61<=-0.00102"": 3}",
fasterrisk_wide,hidden,hazelnut-contaminant,7,1920,270,ok,48.24,7,0.4021890040373511,0.40147291,0.0007160940373510671,0.8901106770833334,0.8725347222222222,0.4332505634060579,0.7416226215454389,3.0305936547629577,"{""s41<=-0.000351"": -2, ""s46<=0.00234"": -2, ""s52<=-0.000834"": 3, ""s52<=-0.000613"": 2, ""s53<=0.002336"": -2, ""s61<=-0.00102"": 2, ""s63<=0.002042"": -5}",
fasterrisk_wide,hidden,hazelnut-contaminant,10,1920,270,ok,119.6738,10,0.3638114579770636,0.36381146,-2.0229363739687756e-09,0.9162348090277777,0.9033072916666668,0.3905609359303031,0.4941139121339891,3.0555249324421903,"{""s14<=-0.004244"": 5, ""s23<=0.001401"": -4, ""s41<=0.000389"": -4, ""s46<=0.00234"": -3, ""s52<=-0.0009"": 3, ""s52<=-0.000728"": 3, ""s53<=0.002336"": -3, ""s56<=-0.002186"": -2, ""s61<=-0.001174"": 3, ""s61<=-0.000828"": 3}",
fasterrisk_wide,hidden,HR_Analytics,3,10000,98,ok,24.0649,3,0.4697631968903641,0.4697632,-3.109635882125872e-09,0.7676549484817384,0.7713215053220921,0.4652080304355107,0.4859395432092385,-1.9707074933652684,"{""city_development_index<=0.624"": 4, ""major_discipline=nan"": -2, ""company_size=nan"": 3}",
fasterrisk_wide,hidden,HR_Analytics,4,10000,98,ok,32.3685,4,0.4676943930695717,0.46760353,9.086306957173385e-05,0.768537081588405,0.7738818561431744,0.463314145279413,0.3946463912944105,-1.996465886797092,"{""city_development_index<=0.624"": 5, ""major_discipline=nan"": -2, ""company_size=nan"": 4, ""last_new_job=never"": -1}",
fasterrisk_wide,hidden,HR_Analytics,5,10000,98,ok,53.3566,5,0.4647473028364993,0.4647473,2.836499313207952e-09,0.7770435349127808,0.7789764753871953,0.4624536463096525,0.3896801861706968,-1.666955420283358,"{""city_development_index<=0.624"": 5, ""enrolled_university=no_enrollment"": -1, ""major_discipline=nan"": -2, ""company_size=nan"": 4, ""last_new_job=never"": -2}",
fasterrisk_wide,hidden,HR_Analytics,7,10000,98,ok,94.7156,7,0.4600265003193317,0.4600265,3.193316722160944e-10,0.7866177520426856,0.7842464025531675,0.4583911827025184,0.3710878369749832,-1.90815593163959,"{""city=city_103"": 1, ""city_development_index<=0.624"": 4, ""city_development_index<=0.775"": 2, ""enrolled_university=no_enrollment"": -1, ""major_discipline=nan"": -2, ""company_size=nan"": 4, ""last_new_job=never"": -2}",
fasterrisk_wide,hidden,HR_Analytics,10,10000,98,ok,169.7608,10,0.4567404419967234,0.45672824,1.2201996723415487e-05,0.7906184274713349,0.7937215819444812,0.4553125997771796,0.3306607459762608,-2.050973349956198,"{""city=city_100"": 3, ""city_development_index<=0.624"": 5, ""city_development_index<=0.775"": 2, ""city_development_index<=0.915"": -2, ""city_development_index<=0.92"": 3, ""relevent_experience=Has relevent experience"": -1, ""enrolled_university=no_enrollment"": -1, ""major_discipline=nan"": -3, ""company_size=nan"": 4, ""last_new_job=never"": -2}",
fasterrisk_wide,hidden,in_vehicle_coupon,3,10000,112,ok,21.1369,3,0.6404336030738231,0.6398996,0.0005340030738231194,0.6610468290093193,0.6600006913378627,0.6412471490972353,0.2372176389367829,0.4419435777107362,"{""coupon=Restaurant(<20)"": -5, ""coupon=Carry out & Take away"": -5, ""expiration=1d"": -2}",
fasterrisk_wide,hidden,in_vehicle_coupon,4,10000,112,ok,33.2091,4,0.6317075544606207,0.6312227,0.00048485446062063176,0.6789074367083447,0.6760547304793254,0.6346322978387184,0.3694649481444891,0.4022380201697307,"{""weather=Sunny"": -2, ""coupon=Restaurant(<20)"": -3, ""coupon=Carry out & Take away"": -3, ""expiration=2h"": 2}",
fasterrisk_wide,hidden,in_vehicle_coupon,5,10000,112,ok,45.6676,5,0.6229099127946892,0.62277987,0.00013004279468920021,0.6917016303181655,0.6877833425403014,0.6265829621385338,0.3141565629091936,0.2702735100758635,"{""weather=Sunny"": -2, ""coupon=Restaurant(<20)"": -4, ""coupon=Carry out & Take away"": -4, ""expiration=2h"": 2, ""CoffeeHouse=never"": 2}",
fasterrisk_wide,hidden,in_vehicle_coupon,7,10000,112,ok,89.1678,7,0.6133623002519552,0.61289369,0.00046861025195510386,0.7109831900546483,0.7111091472477906,0.6142868079103786,0.2639356508669595,1.028726016803195,"{""destination=No Urgent Place"": -2, ""weather=Sunny"": -2, ""coupon=Restaurant(<20)"": -4, ""coupon=Carry out & Take away"": -5, ""expiration=1d"": -3, ""CoffeeHouse=less1"": 1, ""CoffeeHouse=never"": 3}",
fasterrisk_wide,hidden,in_vehicle_coupon,10,10000,112,ok,160.5376,10,0.6059113886560026,0.60518594,0.0007254486560025475,0.7240024557168749,0.7209209272536473,0.6093171353608346,0.3005460111605954,-1.2569000646280448,"{""destination=No Urgent Place"": -2, ""weather=Sunny"": -2, ""coupon=Coffee House"": 3, ""coupon=Bar"": 5, ""coupon=Restaurant(20-50)"": 4, ""expiration=2h"": 3, ""education=Graduate degree (Masters or Doctorate)"": 1, ""CoffeeHouse=less1"": 2, ""CoffeeHouse=never"": 3, ""direction_same=0"": 1}",
fasterrisk_wide,hidden,Is-this-a-good-customer,3,1378,75,ok,6.1975,3,0.311838893953753,0.31183889,3.953753047181152e-09,0.74953963807467,0.6714429361488184,0.3351355227211546,0.3657301857182583,-2.0467211766347466,"{""credit_term<=10"": -3, ""education=Higher education"": -2, ""product_type=Cell phones"": 4}",
fasterrisk_wide,hidden,Is-this-a-good-customer,4,1378,75,ok,11.0246,4,0.3079835301429446,0.30781286,0.0001706701429445845,0.764472057465688,0.6667923579688285,0.3424539445746108,0.5511762010869359,-2.205713890227224,"{""credit_term<=10"": -2, ""product_type=Cell phones"": 3, ""product_type=Jewelry"": 4, ""is_client=0"": -1}",
fasterrisk_wide,hidden,Is-this-a-good-customer,5,1378,75,ok,17.7653,5,0.3040748309016197,0.30407483,9.016196678146571e-10,0.7751008101326573,0.6824199765376235,0.3381567190111695,0.3686968040383347,-1.862226293909868,"{""credit_term<=10"": -3, ""education=Higher education"": -2, ""product_type=Cell phones"": 4, ""product_type=Jewelry"": 5, ""is_client=0"": -2}",
fasterrisk_wide,hidden,Is-this-a-good-customer,7,1378,75,ok,34.3487,7,0.2971289388805064,0.29712894,-1.1194936089253815e-09,0.7851218328925336,0.6776437070554718,0.342643410312634,0.3921362509396545,-3.66211409445885,"{""credit_term<=10"": -2, ""credit_term<=15"": -2, ""age<=55"": 4, ""education=Higher education"": -2, ""product_type=Cell phones"": 4, ""product_type=Jewelry"": 5, ""is_client=1"": 2}",
fasterrisk_wide,hidden,Is-this-a-good-customer,10,1378,75,ok,71.9096,10,0.2898497010613133,0.2898497,1.0613133150094711e-09,0.8046239638596325,0.6694737724149489,0.3525986998808059,0.3790428120472828,-4.652261179903229,"{""credit_amount<=21500"": -2, ""credit_term<=10"": -2, ""age<=55"": 4, ""sex=female"": 1, ""education=Secondary special education"": 2, ""education=Secondary education"": 3, ""product_type=Cell phones"": 4, ""product_type=Jewelry"": 5, ""income<=36000"": 2, ""is_client=0"": -2}",
fasterrisk_wide,hidden,kddcup09_appetency,3,10000,294,ok,53.0784,3,0.0767937387384807,0.07672914,6.459873848069231e-05,0.8000261394393233,0.7922923738402353,0.0774916980306221,0.600450858470305,-4.281996281488682,"{""Var126<=-28"": 2, ""Var126<=-8"": 2, ""Var218=cJvF"": -3}",
fasterrisk_wide,hidden,kddcup09_appetency,4,10000,294,ok,92.5881,4,0.0760956209695034,0.07609562,9.695033942325182e-10,0.8147019760729753,0.791264992079656,0.0779535515559714,0.3127144412974341,-4.819744243339376,"{""Var126<=-28"": 4, ""Var126<=-8"": 4, ""Var218=cJvF"": -5, ""Var212=NhsEn4L"": 2}",
fasterrisk_wide,hidden,kddcup09_appetency,5,10000,294,ok,136.3272,5,0.075702704063029,0.07569254,1.0164063028991754e-05,0.8196058378462475,0.7961982348947725,0.0778068127603599,0.3142558851247818,-5.008723306860818,"{""Var126<=-28"": 4, ""Var126<=-8"": 4, ""Var218=cJvF"": -5, ""Var212=NhsEn4L"": 2, ""Var119<=645"": 1}",
fasterrisk_wide,hidden,kddcup09_appetency,7,10000,294,ok,261.5629,7,0.0749828444729409,0.07498284,4.4729409065524806e-09,0.8279793241038805,0.8055940257976918,0.0782018902783976,0.3015615343184496,-4.705700235035287,"{""Var126<=-28"": 4, ""Var126<=-8"": 5, ""Var126<=32"": -2, ""Var218=cJvF"": -5, ""Var212=NhsEn4L"": 2, ""Var119<=645"": 2, ""Var28<=189.28"": -2}",
fasterrisk_wide,hidden,kddcup09_appetency,10,10000,294,ok,509.5438,10,0.0741314005476926,0.0741314,5.476925996061865e-10,0.8382420569279238,0.7937135098438561,0.0799893083341035,0.3026433032354494,-4.625946543579203,"{""Var126<=-28"": 4, ""Var126<=-8"": 5, ""Var126<=32"": -2, ""Var218=cJvF"": -5, ""Var212=NhsEn4L"": 2, ""Var119<=645"": 3, ""Var119<=1605"": -2, ""Var28<=189.28"": -2, ""Var94<=147318"": -2, ""Var94<=252936"": 3}",
fasterrisk_wide,hidden,Marketing_Campaign,3,1792,140,ok,9.2025,3,0.3504237822395959,0.35027794,0.0001458422395959058,0.7452323939338124,0.821424374192032,0.3111696102397613,0.6040312187907904,-2.567369526628544,"{""Recency<=19"": 2, ""AcceptedCmp3=1"": 3, ""AcceptedCmp5=1"": 4}",
fasterrisk_wide,hidden,Marketing_Campaign,4,1792,140,ok,16.0315,4,0.3387528350538408,0.33836732,0.0003855150538407681,0.7802996254681648,0.8156265914521879,0.3175010943048956,0.4631678824849833,1.4063063570487313,"{""Recency<=19"": 3, ""MntGoldProds<=11"": -3, ""AcceptedCmp3=0"": -4, ""AcceptedCmp5=0"": -4}",
fasterrisk_wide,hidden,Marketing_Campaign,5,1792,140,ok,23.9074,5,0.3280383218785118,0.32803832,1.878511790565085e-09,0.8048345306072328,0.8179770439142868,0.3201241604819439,0.446675429843358,-0.7771215129560548,"{""Marital_Status=Single"": 2, ""Recency<=19"": 3, ""MntGoldProds<=11"": -3, ""AcceptedCmp3=0"": -4, ""AcceptedCmp5=1"": 5}",
fasterrisk_wide,hidden,Marketing_Campaign,7,1792,140,ok,47.7673,7,0.3080601347077767,0.30785336,0.00020677470777669127,0.8336685700251735,0.8611470208015042,0.2949570705063117,0.3989135682958145,-2.3201504001601627,"{""Marital_Status=Single"": 3, ""Recency<=19"": 4, ""NumCatalogPurchases<=0"": -4, ""NumWebVisitsMonth<=5"": -3, ""AcceptedCmp3=1"": 4, ""AcceptedCmp5=1"": 5, ""AcceptedCmp1=1"": 4}",
fasterrisk_wide,hidden,Marketing_Campaign,10,1792,140,ok,94.5599,10,0.2870605274745975,0.28706053,-2.5254024982324097e-09,0.8682998710628108,0.8655149449602382,0.2853939850036258,0.4566900662992197,3.617632437715371,"{""Education=PhD"": 2, ""Marital_Status=Married"": -3, ""Marital_Status=Together"": -3, ""Teenhome<=0"": 2, ""Recency<=19"": 3, ""NumCatalogPurchases<=0"": -4, ""NumWebVisitsMonth<=5"": -3, ""AcceptedCmp3=0"": -4, ""AcceptedCmp5=0"": -4, ""AcceptedCmp1=0"": -4}",
fasterrisk_wide,hidden,NATICUSdroid,3,5992,80,ok,20.6731,3,0.268260936032401,0.26826094,-3.967599027099311e-09,0.940827081554009,0.9450425344675856,0.2566461092820307,0.7525481919196929,-4.587638024213056,"{""android.permission.READ_PHONE_STATE=1"": 5, ""com.google.android.c2dm.permission.RECEIVE=0"": 5, ""com.android.launcher.permission.INSTALL_SHORTCUT=0"": -3}",
fasterrisk_wide,hidden,NATICUSdroid,4,5992,80,ok,40.9033,4,0.2419247241814019,0.24087087,0.0010538541814019142,0.9556611242103104,0.9533470225872688,0.2484393758391045,0.7475434430083392,1.3879395231639309,"{""android.permission.READ_PHONE_STATE=0"": -5, ""com.google.android.c2dm.permission.RECEIVE=1"": -5, ""com.android.launcher.permission.INSTALL_SHORTCUT=0"": -3, ""android.permission.READ_EXTERNAL_STORAGE=0"": 3}",
fasterrisk_wide,hidden,NATICUSdroid,5,5992,80,ok,69.4274,5,0.2276885179040689,0.22709577,0.0005927479040689076,0.9618554674855871,0.9612789674391315,0.2292461770801183,0.7808326376727013,2.227353188247008,"{""android.permission.READ_PHONE_STATE=0"": -5, ""com.google.android.c2dm.permission.RECEIVE=1"": -5, ""com.android.launcher.permission.INSTALL_SHORTCUT=0"": -3, ""com.android.vending.BILLING=1"": -2, ""android.permission.READ_EXTERNAL_STORAGE=0"": 2}",
fasterrisk_wide,hidden,NATICUSdroid,7,5992,80,ok,150.6416,7,0.2140269450446482,0.21246156,0.0015653850446482043,0.9689855125316852,0.9664016818226264,0.222508841351879,0.7538651037413311,-0.0585557365990238,"{""android.permission.READ_PHONE_STATE=0"": -5, ""com.google.android.c2dm.permission.RECEIVE=1"": -5, ""com.android.launcher.permission.INSTALL_SHORTCUT=0"": -3, ""com.android.vending.BILLING=1"": -2, ""android.permission.READ_EXTERNAL_STORAGE=0"": 3, ""android.permission.RECEIVE_BOOT_COMPLETED=1"": 1, ""android.permission.BLUETOOTH=0"": 2}",
fasterrisk_wide,hidden,NATICUSdroid,10,5992,80,ok,294.4887,10,0.1944616784309664,0.19440605,5.5628430966403464e-05,0.9736416874107482,0.972662559890486,0.198424925486587,0.9383651116707212,-0.1234655400888622,"{""android.permission.READ_PHONE_STATE=0"": -4, ""com.google.android.c2dm.permission.RECEIVE=1"": -4, ""com.android.launcher.permission.INSTALL_SHORTCUT=0"": -2, ""com.android.vending.BILLING=1"": -2, ""android.permission.READ_EXTERNAL_STORAGE=0"": 2, ""android.permission.GET_TASKS=0"": -1, ""android.permission.RECEIVE_BOOT_COMPLETED=1"": 1, ""android.permission.ACCESS_COARSE_LOCATION=0"": -1, ""android.permission.CAMERA=0"": 1, ""android.permission.BLUETOOTH=0"": 2}",
fasterrisk_wide,hidden,online_shoppers_intention,3,9864,99,ok,32.9368,3,0.2542764627615921,0.25427646,2.7615921216472827e-09,0.9030616511372244,0.8842276230768458,0.2729403022026601,0.6187360940373703,0.6344754666799188,"{""PageValues<=0"": -5, ""PageValues<=19.1831"": -2, ""Month=Nov"": 2}",
fasterrisk_wide,hidden,online_shoppers_intention,4,9864,99,ok,54.332,4,0.2486434348245116,0.24863029,1.3144824511590603e-05,0.9102459110447298,0.8868535890504569,0.270016708558721,0.6301630363901727,1.7245008489103064,"{""PageValues<=0"": -5, ""PageValues<=19.1831"": -2, ""Month=Nov"": 2, ""VisitorType=Returning_Visitor"": -2}",
fasterrisk_wide,hidden,online_shoppers_intention,5,9864,99,ok,77.9574,5,0.2468870241104624,0.24658772,0.00029930411046238947,0.9160776256253248,0.8961264332586348,0.2652340361476156,0.6173777475275861,0.6562290862776943,"{""BounceRates<=0.0126984"": 1, ""PageValues<=0"": -5, ""PageValues<=19.1831"": -2, ""Month=Nov"": 2, ""VisitorType=Returning_Visitor"": -1}",
fasterrisk_wide,hidden,online_shoppers_intention,7,9864,99,ok,145.9817,7,0.2443744219337199,0.24372936,0.0006450619337198815,0.9148619499161728,0.893126136808996,0.2614197690990251,0.7010045355352893,-1.5007960653668102,"{""Administrative<=4"": 1, ""BounceRates<=0.0126984"": 1, ""ExitRates<=0.1"": 2, ""PageValues<=0"": -5, ""PageValues<=19.1831"": -1, ""Month=Nov"": 2, ""VisitorType=Returning_Visitor"": -1}",
fasterrisk_wide,hidden,online_shoppers_intention,10,9864,99,ok,331.4272,9,0.2434081718153073,0.24242605,0.0009821218153072964,0.9145716275687712,0.891436625096723,0.2652841257637326,0.6901197659347558,-1.3804346295590515,"{""Administrative<=4"": 1, ""ExitRates<=0.025"": 1, ""ExitRates<=0.1"": 2, ""PageValues<=0"": -4, ""PageValues<=3.27774"": -1, ""PageValues<=19.1831"": -1, ""Month=Nov"": 2, ""Month=Oct"": 1, ""VisitorType=Returning_Visitor"": -1}",
fasterrisk_wide,hidden,polish_companies_bankruptcy,3,4728,387,ok,23.6682,3,0.158400017373839,0.1581316,0.00026841737383898057,0.8416546563192905,0.8397671840354768,0.1595729869442259,1.3289271165322392,-3.955755052123872,"{""sales_growth_ratio missing"": 4, ""operating_profit_to_financial_expenses missing"": 2, ""sales_profit_to_total_assets<=-0.063423"": 2}",
fasterrisk_wide,hidden,polish_companies_bankruptcy,4,4728,387,ok,46.4348,4,0.1499729780382154,0.14936186,0.0006111180382153969,0.8694477549889135,0.8728769401330376,0.1514313192347383,1.3029031139230784,-4.190132713500796,"{""sales_growth_ratio missing"": 4, ""operating_profit_to_financial_expenses missing"": 2, ""sales_profit_to_total_assets<=-0.063423"": 2, ""current_assets_minus_inventory_to_short_term_liabilities<=0.36019"": 1}",
fasterrisk_wide,hidden,polish_companies_bankruptcy,5,4728,387,ok,72.0887,5,0.1430674012491001,0.14306734,6.124910012506035e-08,0.8951725332594236,0.898780487804878,0.1460877330972091,1.17510925225281,-4.608372592057233,"{""sales_growth_ratio missing"": 5, ""sales_growth_ratio<=0.84022"": 1, ""operating_profit_to_financial_expenses missing"": 2, ""sales_profit_to_total_assets<=-0.063423"": 2, ""current_assets_minus_inventory_to_short_term_liabilities<=0.71714"": 1}",
fasterrisk_wide,hidden,polish_companies_bankruptcy,7,4728,387,ok,133.7627,7,0.1381689580712268,0.13643996,0.0017289980712268116,0.9053918375831486,0.8921674057649667,0.1475921412041454,1.4736279692397554,-5.777903969857618,"{""sales_growth_ratio missing"": 4, ""sales_growth_ratio<=1.0168"": 1, ""operating_profit_to_financial_expenses missing"": 2, ""sales_profit_to_total_assets<=-0.063423"": 1, ""liabilities_to_adjusted_operating_profit missing"": -4, ""current_assets_minus_inventory_to_short_term_liabilities<=0.36019"": 1, ""constant_capital_to_total_assets<=0.67802"": 1}",
fasterrisk_wide,hidden,polish_companies_bankruptcy,10,4728,387,ok,269.2667,10,0.130056392777909,0.13005639,2.7779090139290474e-09,0.920688054323725,0.91519955654102,0.1412946434835577,1.316429410385238,-4.764619416775225,"{""sales_growth_ratio missing"": 5, ""sales_growth_ratio<=0.84022"": 1, ""operating_profit_to_financial_expenses missing"": 2, ""operating_profit_to_financial_expenses<=-0.63126"": 1, ""operating_profit_to_financial_expenses<=2.8257"": -1, ""sales_profit_to_total_assets<=-0.063423"": 1, ""operating_profit_to_total_assets<=0.013477"": -1, ""gross_profit_plus_depreciation_to_sales<=0.032783"": 1, ""current_assets_minus_inventory_to_short_term_liabilities<=0.36019"": 1, ""constant_capital_to_total_assets<=0.67802"": 1}",
fasterrisk_wide,hidden,qsar-biodeg,3,843,208,ok,7.2594,3,0.4384289184250654,0.43827669,0.00015222842506534828,0.8516654488649247,0.8221327967806841,0.4836696222373352,0.5279617723772351,-2.1453484154330886,"{""Weighted_LeadingEigenvalue_Burden_Matrix<=3.655"": 5, ""Sum_dO_EStates<=0"": -3, ""Num_Nitrogen_Atoms<=0"": 3}",
fasterrisk_wide,hidden,qsar-biodeg,4,843,208,ok,11.5227,4,0.4014461373776031,0.4004801,0.0009660373776030906,0.8771133059537908,0.8543762575452716,0.4339532059467194,0.6547096915122,-4.564683352604058,"{""Weighted_LeadingEigenvalue_Burden_Matrix<=3.655"": 4, ""Sum_dO_EStates<=0"": -3, ""Num_Nitrogen_Atoms<=0"": 3, ""Num_ssssC_Atoms<=0"": 4}",
fasterrisk_wide,hidden,qsar-biodeg,5,843,208,ok,19.0619,5,0.380088389545199,0.37831653,0.0017718595451990393,0.8912387563304695,0.8552313883299799,0.4287123413582777,0.8565774204009468,-6.847128391452766,"{""Weighted_LeadingEigenvalue_Burden_Matrix<=3.655"": 3, ""Num_Substituted_BenzeneC<=3"": 3, ""Sum_dO_EStates<=0"": -2, ""Num_Nitrogen_Atoms<=0"": 2, ""Num_ssssC_Atoms<=0"": 3}",
fasterrisk_wide,hidden,qsar-biodeg,7,843,208,ok,38.6023,7,0.3535261014422475,0.35341078,0.00011532144224751795,0.905609866713699,0.8885814889336017,0.3713057888676338,0.8290848399939593,-9.105166891251816,"{""Adjacency_LeadingEigenvalue<=2.212"": 2, ""Num_Substituted_BenzeneC<=3"": 4, ""Sum_dO_EStates<=0"": -2, ""Num_Heavy_Atoms<=0"": 3, ""Num_Nitrogen_Atoms<=0"": 3, ""Num_ssssC_Atoms<=0"": 3, ""Num_HBond_Donors_Atoms<=0"": -1}",
fasterrisk_wide,hidden,qsar-biodeg,10,843,208,ok,83.1702,10,0.3297137612056581,0.32885593,0.0008578312056580772,0.9216879991937312,0.8838028169014085,0.3994876795167856,0.8003579203036367,-9.684183688463564,"{""Weighted_LeadingEigenvalue_Burden_Matrix<=3.655"": 2, ""Laplace_Spectral_Moment6<=9.311"": 2, ""Weighted_Normalized_SpectralPositiveSum_Burden_Matrix<=1.264"": 2, ""Num_Substituted_BenzeneC<=3"": 4, ""Sum_dO_EStates<=0"": -2, ""Percentage_C_Atoms<=40"": -2, ""Num_Nitrogen_Atoms<=0"": 3, ""Num_Halogen_Atoms<=1"": 3, ""Num_ssssC_Atoms<=0"": 3, ""Num_HBond_Donors_Atoms<=0"": -1}",
fasterrisk_wide,hidden,seismic-bumps,3,2067,66,ok,11.3612,3,0.2070535599421577,0.20695966,9.389994215772135e-05,0.7838402839126328,0.6901108269394715,0.2287537241078533,0.4367012290329608,-0.8113341404346379,"{""genergy<=19810"": -3, ""gpuls<=1214"": -2, ""nbumps<=1"": -3}",
fasterrisk_wide,hidden,seismic-bumps,4,2067,66,ok,21.1115,4,0.2042643721118839,0.20418597,7.840211188389623e-05,0.7998884302555824,0.681646571672147,0.231585180076351,0.3538011754406692,-1.1463410962017722,"{""genergy<=19810"": -3, ""gpuls<=1214"": -3, ""gdpuls<=21"": 2, ""nbumps<=1"": -4}",
fasterrisk_wide,hidden,seismic-bumps,5,2067,66,ok,34.3834,5,0.202854014614281,0.20274569,0.00010832461428098017,0.8021540957138941,0.667184265010352,0.2339213788923374,0.2799077865552573,-1.6631606928037372,"{""seismic=b"": 2, ""genergy<=19810"": -4, ""gpuls<=1214"": -3, ""gdpuls<=21"": 3, ""nbumps<=1"": -5}",
fasterrisk_wide,hidden,seismic-bumps,7,2067,66,ok,64.0767,7,0.2008797016435564,0.20075974,0.00011996164355640437,0.804711061016846,0.6789367921081476,0.2320725034969316,0.2767198294979094,-0.8283097567220937,"{""seismic=a"": -2, ""genergy<=19810"": -5, ""gpuls<=1214"": -4, ""gdenergy<=-30"": 2, ""gdpuls<=21"": 2, ""nbumps<=1"": -3, ""nbumps2<=0"": -2}",
fasterrisk_wide,hidden,seismic-bumps,10,2067,66,ok,134.9379,10,0.198050683705184,0.1979045,0.0001461837051839887,0.8150188868918877,0.6762574595055414,0.2344437050525338,0.2505961979007357,-0.3217016346138849,"{""seismic=a"": -2, ""genergy<=19810"": -5, ""gpuls<=1214"": -4, ""gdenergy<=-30"": 3, ""gdenergy<=101"": -3, ""gdpuls<=-5"": -2, ""gdpuls<=21"": 5, ""nbumps<=1"": -3, ""nbumps<=2"": -2, ""nbumps2<=0"": -2}",
fasterrisk_wide,hidden,taiwanese_bankruptcy,3,5455,360,ok,43.2311,3,0.0913520081108815,0.09127392,7.808811088150236e-05,0.9235204024522552,0.8608557162534435,0.1045127511349976,0.6037977514668716,-4.22947098109836,"{""Persistent_EPS_Last_4_Seasons<=0.216508"": 4, ""Debt_Ratio_Percent<=0.158237"": -4, ""NonIndustry_Income_Expenditure_Revenue<=0.303443"": 2}",
fasterrisk_wide,hidden,taiwanese_bankruptcy,4,5455,360,ok,74.2103,4,0.0890594107111183,0.08905941,7.111182892538537e-10,0.9313408402073396,0.8679407713498623,0.1006864715725268,0.4545523900875364,-4.239180609762764,"{""Persistent_EPS_Last_4_Seasons<=0.216508"": 4, ""Debt_Ratio_Percent<=0.158237"": -5, ""Retained_Earnings_to_Total_Assets<=0.916168"": 2, ""NonIndustry_Income_Expenditure_Revenue<=0.303443"": 3}",
fasterrisk_wide,hidden,taiwanese_bankruptcy,5,5455,360,ok,104.8833,5,0.0874467723000591,0.08743097,1.5802300059097885e-05,0.9381011167748712,0.88428891184573,0.0975083185581545,0.3666295136061087,-4.041601923394417,"{""Persistent_EPS_Last_4_Seasons<=0.216508"": 5, ""Borrowing_Dependency<=0.377416"": -3, ""Debt_Ratio_Percent<=0.158237"": -4, ""Retained_Earnings_to_Total_Assets<=0.916168"": 3, ""NonIndustry_Income_Expenditure_Revenue<=0.303443"": 3}",
fasterrisk_wide,hidden,taiwanese_bankruptcy,7,5455,360,ok,182.5326,7,0.0847353047390486,0.08453036,0.00020494473904859867,0.9426097616628492,0.9003443526170799,0.0976498831918439,0.4504336162115694,-5.700020914840295,"{""Persistent_EPS_Last_4_Seasons<=0.216508"": 3, ""Borrowing_Dependency<=0.373888"": -3, ""Net_Profit_Before_Tax_to_PaidIn_Capital<=0.182498"": 4, ""Net_Worth_to_Assets<=0.815824"": 2, ""Debt_Ratio_Percent<=0.158237"": -3, ""Continuous_Interest_Rate_After_Tax<=0.781372"": 2, ""NonIndustry_Income_Expenditure_Revenue<=0.303443"": 2}",
fasterrisk_wide,hidden,taiwanese_bankruptcy,10,5455,360,ok,358.7328,10,0.0823622794003524,0.08191579,0.00044648940035239837,0.9471361655961013,0.9042441460055096,0.0950526374220993,0.6245698204921528,-6.243991083249733,"{""Persistent_EPS_Last_4_Seasons<=0.216508"": 2, ""Borrowing_Dependency<=0.373888"": -2, ""Net_Profit_Before_Tax_to_PaidIn_Capital<=0.182498"": 5, ""Equity_to_Liability<=0.0190585"": 1, ""Debt_Ratio_Percent<=0.158237"": -2, ""Continuous_Interest_Rate_After_Tax<=0.781372"": 2, ""Retained_Earnings_to_Total_Assets<=0.916168"": 1, ""DFL<=0.0266499"": 1, ""NonIndustry_Income_Expenditure_Revenue<=0.303443"": 1, ""Operating_Profit_Per_Person<=0.397764"": -2}",
fasterrisk_wide,hidden,jm1,3,8708,167,ok,20.4203,3,0.4459342463350271,0.44556777,0.0003664763350271216,0.6927487513473112,0.6828870408345462,0.4484985428615419,0.9414156205122388,0.0334512089821777,"{""loc<=5"": -1, ""loc<=39"": -1, ""loc<=92"": -1}",
fasterrisk_wide,hidden,jm1,4,8708,167,ok,34.4452,4,0.4424157107055143,0.44223954,0.00017617070551428915,0.7097108652325488,0.6988059939724812,0.4459851615964667,0.8416024839833527,-0.0021430746060329,"{""loc<=39"": -1, ""loc<=92"": -1, ""l<=0"": 1, ""lOBlank<=1"": -1}",
fasterrisk_wide,hidden,jm1,5,8708,167,ok,51.0022,5,0.440970403059315,0.44091109,5.9313059315002636e-05,0.717149839590223,0.7086392632792085,0.444591421372543,0.3850289594792117,-0.0186184706380461,"{""loc<=39"": -2, ""loc<=92"": -2, ""iv(g)<=1"": -1, ""l<=0"": 2, ""lOBlank<=1"": -2}",
fasterrisk_wide,hidden,jm1,7,8708,167,ok,106.9589,7,0.4383751750601299,0.43831902,5.6155060129903234e-05,0.7233113665104609,0.7036877972502826,0.4464384216533535,0.2327986832238775,0.2006665637224313,"{""loc<=5"": -5, ""loc<=23"": -2, ""loc<=39"": -2, ""loc<=92"": -3, ""iv(g)<=8"": -2, ""d<=4.2"": 3, ""lOBlank<=1"": -3}",
fasterrisk_wide,hidden,jm1,10,8708,167,ok,205.9239,10,0.4357377542236901,0.43573775,4.223690119875556e-09,0.729757080487132,0.7106899182443362,0.4450749127590415,0.2869688912764414,0.0692081040624998,"{""loc<=5"": -3, ""loc<=23"": -1, ""loc<=39"": -2, ""loc<=56"": -2, ""loc<=92"": -2, ""iv(g)<=1"": -1, ""iv(g)<=8"": -1, ""d<=4.2"": 2, ""lOCode<=34"": 2, ""lOBlank<=1"": -3}",
