dataset,model,rmse,rank
california,PyGAM,1.428598,18
california,DT_mini,0.797055,15
california,DT_large,0.784121,13
california,OLS,2.191360,21
california,LassoCV,2.087627,19
california,RidgeCV,2.178053,20
california,RF,0.718275,8
california,GBM,0.650275,5
california,MLP,1.088485,17
california,FIGS_mini,0.754661,11
california,FIGS_large,0.737994,9
california,RuleFit,0.741651,10
california,HSTree_mini,0.795105,14
california,HSTree_large,0.768189,12
california,EBM,0.660017,6
california,TabPFN,0.603801,1
california,DecisionTreeSimple,0.806478,16
california,SegGAM_ga2m_v8,0.671350,7
california,AddGP_v45,0.642775,4
california,AddGP_v49,0.640340,3
abalone,PyGAM,0.705364,5
abalone,DT_mini,0.794185,17
abalone,DT_large,0.797057,18
abalone,OLS,0.721231,10
abalone,LassoCV,0.720338,9
abalone,RidgeCV,0.721876,11
abalone,RF,0.732093,12
abalone,GBM,0.735919,13
abalone,MLP,0.708886,6
abalone,FIGS_mini,0.793158,16
abalone,FIGS_large,0.801452,20
abalone,RuleFit,0.784597,15
abalone,HSTree_mini,0.800492,19
abalone,HSTree_large,0.769955,14
abalone,EBM,0.710895,7
abalone,TabPFN,0.670875,1
abalone,DecisionTreeSimple,0.804593,21
abalone,SegGAM_ga2m_v8,0.715632,8
abalone,AddGP_v45,0.694465,4
abalone,AddGP_v49,0.687144,3
cpu_act,PyGAM,0.173718,6
cpu_act,DT_mini,0.253144,16
cpu_act,DT_large,0.226447,12
cpu_act,OLS,0.565065,19
cpu_act,LassoCV,0.742457,20
cpu_act,RidgeCV,0.559656,18
cpu_act,RF,0.199308,9
cpu_act,GBM,0.158850,2
cpu_act,MLP,912.810974,21
cpu_act,FIGS_mini,0.239842,13
cpu_act,FIGS_large,0.199590,10
cpu_act,RuleFit,0.318561,17
cpu_act,HSTree_mini,0.253052,15
cpu_act,HSTree_large,0.224038,11
cpu_act,EBM,0.167552,5
cpu_act,TabPFN,0.138888,1
cpu_act,DecisionTreeSimple,0.248805,14
cpu_act,SegGAM_ga2m_v8,0.194317,8
cpu_act,AddGP_v45,0.183897,7
cpu_act,AddGP_v49,0.164498,4
house_16H,PyGAM,0.901921,11
house_16H,DT_mini,1.042565,18
house_16H,DT_large,1.003924,15
house_16H,OLS,1.044770,20
house_16H,LassoCV,1.042664,19
house_16H,RidgeCV,0.937416,13
house_16H,RF,0.829627,7
house_16H,GBM,0.840001,8
house_16H,MLP,1.519955,21
house_16H,FIGS_mini,1.034705,17
house_16H,FIGS_large,1.031391,16
house_16H,RuleFit,0.861472,9
house_16H,HSTree_mini,0.916714,12
house_16H,HSTree_large,0.887148,10
house_16H,EBM,0.761079,2
house_16H,TabPFN,0.728232,1
house_16H,DecisionTreeSimple,0.987097,14
house_16H,SegGAM_ga2m_v8,0.800271,4
house_16H,AddGP_v45,0.783632,3
house_16H,AddGP_v49,0.806819,6
elevators,PyGAM,0.375632,4
elevators,DT_mini,0.743616,15
elevators,DT_large,0.704357,12
elevators,OLS,0.903981,19
elevators,LassoCV,0.904215,20
elevators,RidgeCV,0.876481,18
elevators,RF,0.623118,9
elevators,GBM,0.522039,8
elevators,MLP,0.983679,21
elevators,FIGS_mini,0.748350,16
elevators,FIGS_large,0.676476,10
elevators,RuleFit,0.679608,11
elevators,HSTree_mini,0.751891,17
elevators,HSTree_large,0.723031,13
elevators,EBM,0.397748,7
elevators,TabPFN,0.292012,1
elevators,DecisionTreeSimple,0.726676,14
elevators,SegGAM_ga2m_v8,0.396490,6
elevators,AddGP_v45,0.385892,5
elevators,AddGP_v49,0.366938,3
pol,PyGAM,0.549154,17
pol,DT_mini,0.362666,14
pol,DT_large,0.338574,10
pol,OLS,0.709816,19
pol,LassoCV,0.710064,20
pol,RidgeCV,0.709213,18
pol,RF,0.274415,2
pol,GBM,0.299494,5
pol,MLP,0.724552,21
pol,FIGS_mini,0.356437,13
pol,FIGS_large,0.323908,7
pol,RuleFit,0.312670,6
pol,HSTree_mini,0.349503,11
pol,HSTree_large,0.325280,8
pol,EBM,0.350952,12
pol,TabPFN,0.141046,1
pol,DecisionTreeSimple,0.395853,16
pol,SegGAM_ga2m_v8,0.388091,15
pol,AddGP_v45,0.334436,9
pol,AddGP_v49,0.291444,4
kin8nm,PyGAM,0.804420,10
kin8nm,DT_mini,0.877689,19
kin8nm,DT_large,0.890079,21
kin8nm,OLS,0.811674,11
kin8nm,LassoCV,0.811735,13
kin8nm,RidgeCV,0.811697,12
kin8nm,RF,0.781796,8
kin8nm,GBM,0.755496,7
kin8nm,MLP,0.491650,2
kin8nm,FIGS_mini,0.849805,15
kin8nm,FIGS_large,0.802428,9
kin8nm,RuleFit,0.870177,16
kin8nm,HSTree_mini,0.874538,18
kin8nm,HSTree_large,0.870956,17
kin8nm,EBM,0.715820,5
kin8nm,TabPFN,0.376809,1
kin8nm,DecisionTreeSimple,0.880616,20
kin8nm,SegGAM_ga2m_v8,0.828388,14
kin8nm,AddGP_v45,0.729267,6
kin8nm,AddGP_v49,0.710102,4
pmlb/1027_ESL,PyGAM,0.374026,12
pmlb/1027_ESL,DT_mini,0.576479,21
pmlb/1027_ESL,DT_large,0.529210,17
pmlb/1027_ESL,OLS,0.361241,1
pmlb/1027_ESL,LassoCV,0.361351,2
pmlb/1027_ESL,RidgeCV,0.361933,4
pmlb/1027_ESL,RF,0.463850,15
pmlb/1027_ESL,GBM,0.380681,13
pmlb/1027_ESL,MLP,0.370737,9
pmlb/1027_ESL,FIGS_mini,0.539162,18
pmlb/1027_ESL,FIGS_large,0.437071,14
pmlb/1027_ESL,RuleFit,0.366258,6
pmlb/1027_ESL,HSTree_mini,0.575679,20
pmlb/1027_ESL,HSTree_large,0.519495,16
pmlb/1027_ESL,EBM,0.364431,5
pmlb/1027_ESL,TabPFN,0.373296,11
pmlb/1027_ESL,DecisionTreeSimple,0.562239,19
pmlb/1027_ESL,SegGAM_ga2m_v8,0.361403,3
pmlb/1027_ESL,AddGP_v45,0.372232,10
pmlb/1027_ESL,AddGP_v49,0.366571,8
pmlb/1028_SWD,PyGAM,0.805003,12
pmlb/1028_SWD,DT_mini,0.832135,21
pmlb/1028_SWD,DT_large,0.793244,5
pmlb/1028_SWD,OLS,0.814927,17
pmlb/1028_SWD,LassoCV,0.814599,16
pmlb/1028_SWD,RidgeCV,0.814285,15
pmlb/1028_SWD,RF,0.785704,3
pmlb/1028_SWD,GBM,0.784908,2
pmlb/1028_SWD,MLP,0.798779,8
pmlb/1028_SWD,FIGS_mini,0.805813,13
pmlb/1028_SWD,FIGS_large,0.789555,4
pmlb/1028_SWD,RuleFit,0.818640,18
pmlb/1028_SWD,HSTree_mini,0.829304,20
pmlb/1028_SWD,HSTree_large,0.798450,7
pmlb/1028_SWD,EBM,0.798100,6
pmlb/1028_SWD,TabPFN,0.784088,1
pmlb/1028_SWD,DecisionTreeSimple,0.821595,19
pmlb/1028_SWD,SegGAM_ga2m_v8,0.809480,14
pmlb/1028_SWD,AddGP_v45,0.803701,11
pmlb/1028_SWD,AddGP_v49,0.802161,10
pmlb/1029_LEV,PyGAM,0.715125,11
pmlb/1029_LEV,DT_mini,0.812829,21
pmlb/1029_LEV,DT_large,0.765185,18
pmlb/1029_LEV,OLS,0.712676,6
pmlb/1029_LEV,LassoCV,0.712556,4
pmlb/1029_LEV,RidgeCV,0.712073,3
pmlb/1029_LEV,RF,0.730984,15
pmlb/1029_LEV,GBM,0.718917,13
pmlb/1029_LEV,MLP,0.714825,10
pmlb/1029_LEV,FIGS_mini,0.744305,16
pmlb/1029_LEV,FIGS_large,0.717258,12
pmlb/1029_LEV,RuleFit,0.730124,14
pmlb/1029_LEV,HSTree_mini,0.810150,20
pmlb/1029_LEV,HSTree_large,0.761625,17
pmlb/1029_LEV,EBM,0.709299,2
pmlb/1029_LEV,TabPFN,0.706397,1
pmlb/1029_LEV,DecisionTreeSimple,0.796113,19
pmlb/1029_LEV,SegGAM_ga2m_v8,0.712670,5
pmlb/1029_LEV,AddGP_v45,0.713676,9
pmlb/1029_LEV,AddGP_v49,0.712937,8
pmlb/1030_ERA,PyGAM,0.815581,12
pmlb/1030_ERA,DT_mini,0.837160,20
pmlb/1030_ERA,DT_large,0.816910,14
pmlb/1030_ERA,OLS,0.808339,6
pmlb/1030_ERA,LassoCV,0.808425,8
pmlb/1030_ERA,RidgeCV,0.808370,7
pmlb/1030_ERA,RF,0.811911,9
pmlb/1030_ERA,GBM,0.815968,13
pmlb/1030_ERA,MLP,0.806530,5
pmlb/1030_ERA,FIGS_mini,0.831024,18
pmlb/1030_ERA,FIGS_large,0.822820,17
pmlb/1030_ERA,RuleFit,0.832883,19
pmlb/1030_ERA,HSTree_mini,0.837160,21
pmlb/1030_ERA,HSTree_large,0.821592,16
pmlb/1030_ERA,EBM,0.799223,1
pmlb/1030_ERA,TabPFN,0.805567,4
pmlb/1030_ERA,DecisionTreeSimple,0.813883,11
pmlb/1030_ERA,SegGAM_ga2m_v8,0.819571,15
pmlb/1030_ERA,AddGP_v45,0.813762,10
pmlb/1030_ERA,AddGP_v49,0.805558,3
pmlb/1089_USCrime,PyGAM,0.465245,15
pmlb/1089_USCrime,DT_mini,0.424073,11
pmlb/1089_USCrime,DT_large,0.451548,12
pmlb/1089_USCrime,OLS,0.469238,17
pmlb/1089_USCrime,LassoCV,0.382452,7
pmlb/1089_USCrime,RidgeCV,0.479195,18
pmlb/1089_USCrime,RF,0.423608,10
pmlb/1089_USCrime,GBM,0.462335,14
pmlb/1089_USCrime,MLP,56.552592,21
pmlb/1089_USCrime,FIGS_mini,0.534122,20
pmlb/1089_USCrime,FIGS_large,0.510195,19
pmlb/1089_USCrime,RuleFit,0.395474,9
pmlb/1089_USCrime,HSTree_mini,0.459856,13
pmlb/1089_USCrime,HSTree_large,0.465630,16
pmlb/1089_USCrime,EBM,0.306072,4
pmlb/1089_USCrime,TabPFN,0.346980,6
pmlb/1089_USCrime,DecisionTreeSimple,0.392294,8
pmlb/1089_USCrime,SegGAM_ga2m_v8,0.333768,5
pmlb/1089_USCrime,AddGP_v45,0.252843,1
pmlb/1089_USCrime,AddGP_v49,0.263354,3
pmlb/1096_FacultySalaries,PyGAM,0.410171,7
pmlb/1096_FacultySalaries,DT_mini,0.628538,19
pmlb/1096_FacultySalaries,DT_large,0.620941,17
pmlb/1096_FacultySalaries,OLS,0.364659,2
pmlb/1096_FacultySalaries,LassoCV,0.416282,9
pmlb/1096_FacultySalaries,RidgeCV,0.381891,5
pmlb/1096_FacultySalaries,RF,0.486246,10
pmlb/1096_FacultySalaries,GBM,0.510927,13
pmlb/1096_FacultySalaries,MLP,2.091116,21
pmlb/1096_FacultySalaries,FIGS_mini,0.628538,20
pmlb/1096_FacultySalaries,FIGS_large,0.620941,18
pmlb/1096_FacultySalaries,RuleFit,0.510835,12
pmlb/1096_FacultySalaries,HSTree_mini,0.586722,16
pmlb/1096_FacultySalaries,HSTree_large,0.578986,15
pmlb/1096_FacultySalaries,EBM,0.504250,11
pmlb/1096_FacultySalaries,TabPFN,0.275576,1
pmlb/1096_FacultySalaries,DecisionTreeSimple,0.532956,14
pmlb/1096_FacultySalaries,SegGAM_ga2m_v8,0.391098,6
pmlb/1096_FacultySalaries,AddGP_v45,0.414439,8
pmlb/1096_FacultySalaries,AddGP_v49,0.376620,4
pmlb/1191_BNG_pbc,PyGAM,0.862047,7
pmlb/1191_BNG_pbc,DT_mini,0.929181,18
pmlb/1191_BNG_pbc,DT_large,0.930181,19
pmlb/1191_BNG_pbc,OLS,0.870524,9
pmlb/1191_BNG_pbc,LassoCV,0.924760,17
pmlb/1191_BNG_pbc,RidgeCV,0.871396,10
pmlb/1191_BNG_pbc,RF,0.869216,8
pmlb/1191_BNG_pbc,GBM,0.860402,6
pmlb/1191_BNG_pbc,MLP,2.834234,21
pmlb/1191_BNG_pbc,FIGS_mini,0.918014,14
pmlb/1191_BNG_pbc,FIGS_large,0.942724,20
pmlb/1191_BNG_pbc,RuleFit,0.871873,11
pmlb/1191_BNG_pbc,HSTree_mini,0.921734,16
pmlb/1191_BNG_pbc,HSTree_large,0.901627,13
pmlb/1191_BNG_pbc,EBM,0.849706,2
pmlb/1191_BNG_pbc,TabPFN,0.833502,1
pmlb/1191_BNG_pbc,DecisionTreeSimple,0.921540,15
pmlb/1191_BNG_pbc,SegGAM_ga2m_v8,0.884378,12
pmlb/1191_BNG_pbc,AddGP_v45,0.858390,5
pmlb/1191_BNG_pbc,AddGP_v49,0.857410,4
pmlb/1193_BNG_lowbwt,PyGAM,0.662464,8
pmlb/1193_BNG_lowbwt,DT_mini,0.670626,15
pmlb/1193_BNG_lowbwt,DT_large,0.687092,20
pmlb/1193_BNG_lowbwt,OLS,0.670820,16
pmlb/1193_BNG_lowbwt,LassoCV,0.670610,14
pmlb/1193_BNG_lowbwt,RidgeCV,0.670887,17
pmlb/1193_BNG_lowbwt,RF,0.660360,7
pmlb/1193_BNG_lowbwt,GBM,0.665525,9
pmlb/1193_BNG_lowbwt,MLP,0.671479,18
pmlb/1193_BNG_lowbwt,FIGS_mini,0.665872,10
pmlb/1193_BNG_lowbwt,FIGS_large,0.698200,21
pmlb/1193_BNG_lowbwt,RuleFit,0.660247,6
pmlb/1193_BNG_lowbwt,HSTree_mini,0.669669,13
pmlb/1193_BNG_lowbwt,HSTree_large,0.668142,11
pmlb/1193_BNG_lowbwt,EBM,0.656352,5
pmlb/1193_BNG_lowbwt,TabPFN,0.647797,1
pmlb/1193_BNG_lowbwt,DecisionTreeSimple,0.686167,19
pmlb/1193_BNG_lowbwt,SegGAM_ga2m_v8,0.669222,12
pmlb/1193_BNG_lowbwt,AddGP_v45,0.650098,2
pmlb/1193_BNG_lowbwt,AddGP_v49,0.651735,4
pmlb/1196_BNG_pharynx,PyGAM,0.736410,5
pmlb/1196_BNG_pharynx,DT_mini,0.773482,19
pmlb/1196_BNG_pharynx,DT_large,0.798557,21
pmlb/1196_BNG_pharynx,OLS,0.766474,16
pmlb/1196_BNG_pharynx,LassoCV,0.768754,17
pmlb/1196_BNG_pharynx,RidgeCV,0.766429,15
pmlb/1196_BNG_pharynx,RF,0.740705,6
pmlb/1196_BNG_pharynx,GBM,0.744022,8
pmlb/1196_BNG_pharynx,MLP,0.759865,11
pmlb/1196_BNG_pharynx,FIGS_mini,0.758618,10
pmlb/1196_BNG_pharynx,FIGS_large,0.794826,20
pmlb/1196_BNG_pharynx,RuleFit,0.744078,9
pmlb/1196_BNG_pharynx,HSTree_mini,0.764356,14
pmlb/1196_BNG_pharynx,HSTree_large,0.762744,13
pmlb/1196_BNG_pharynx,EBM,0.740754,7
pmlb/1196_BNG_pharynx,TabPFN,0.725232,1
pmlb/1196_BNG_pharynx,DecisionTreeSimple,0.771233,18
pmlb/1196_BNG_pharynx,SegGAM_ga2m_v8,0.762125,12
pmlb/1196_BNG_pharynx,AddGP_v45,0.728518,4
pmlb/1196_BNG_pharynx,AddGP_v49,0.726811,3
pmlb/1199_BNG_echoMonths,PyGAM,0.746425,9
pmlb/1199_BNG_echoMonths,DT_mini,0.771996,18
pmlb/1199_BNG_echoMonths,DT_large,0.806700,21
pmlb/1199_BNG_echoMonths,OLS,0.745226,8
pmlb/1199_BNG_echoMonths,LassoCV,0.744498,6
pmlb/1199_BNG_echoMonths,RidgeCV,0.744894,7
pmlb/1199_BNG_echoMonths,RF,0.753821,14
pmlb/1199_BNG_echoMonths,GBM,0.753559,13
pmlb/1199_BNG_echoMonths,MLP,0.751409,12
pmlb/1199_BNG_echoMonths,FIGS_mini,0.763507,16
pmlb/1199_BNG_echoMonths,FIGS_large,0.797306,20
pmlb/1199_BNG_echoMonths,RuleFit,0.750700,11
pmlb/1199_BNG_echoMonths,HSTree_mini,0.762011,15
pmlb/1199_BNG_echoMonths,HSTree_large,0.764153,17
pmlb/1199_BNG_echoMonths,EBM,0.742197,5
pmlb/1199_BNG_echoMonths,TabPFN,0.741591,3
pmlb/1199_BNG_echoMonths,DecisionTreeSimple,0.777588,19
pmlb/1199_BNG_echoMonths,SegGAM_ga2m_v8,0.749261,10
pmlb/1199_BNG_echoMonths,AddGP_v45,0.741611,4
pmlb/1199_BNG_echoMonths,AddGP_v49,0.739852,2
pmlb/1201_BNG_breastTumor,PyGAM,0.946619,6
pmlb/1201_BNG_breastTumor,DT_mini,0.957695,11
pmlb/1201_BNG_breastTumor,DT_large,0.987525,20
pmlb/1201_BNG_breastTumor,OLS,0.979405,16
pmlb/1201_BNG_breastTumor,LassoCV,0.989234,21
pmlb/1201_BNG_breastTumor,RidgeCV,0.979533,17
pmlb/1201_BNG_breastTumor,RF,0.952681,9
pmlb/1201_BNG_breastTumor,GBM,0.952500,8
pmlb/1201_BNG_breastTumor,MLP,0.978552,15
pmlb/1201_BNG_breastTumor,FIGS_mini,0.948690,7
pmlb/1201_BNG_breastTumor,FIGS_large,0.980280,18
pmlb/1201_BNG_breastTumor,RuleFit,0.959659,12
pmlb/1201_BNG_breastTumor,HSTree_mini,0.966196,13
pmlb/1201_BNG_breastTumor,HSTree_large,0.966370,14
pmlb/1201_BNG_breastTumor,EBM,0.938657,4
pmlb/1201_BNG_breastTumor,TabPFN,0.940593,5
pmlb/1201_BNG_breastTumor,DecisionTreeSimple,0.984702,19
pmlb/1201_BNG_breastTumor,SegGAM_ga2m_v8,0.957013,10
pmlb/1201_BNG_breastTumor,AddGP_v45,0.937659,3
pmlb/1201_BNG_breastTumor,AddGP_v49,0.935289,2
pmlb/1203_BNG_pwLinear,PyGAM,0.704947,18
pmlb/1203_BNG_pwLinear,DT_mini,0.681387,17
pmlb/1203_BNG_pwLinear,DT_large,0.678855,14
pmlb/1203_BNG_pwLinear,OLS,0.705672,19
pmlb/1203_BNG_pwLinear,LassoCV,0.705699,20
pmlb/1203_BNG_pwLinear,RidgeCV,0.705941,21
pmlb/1203_BNG_pwLinear,RF,0.661040,8
pmlb/1203_BNG_pwLinear,GBM,0.651384,5
pmlb/1203_BNG_pwLinear,MLP,0.675877,12
pmlb/1203_BNG_pwLinear,FIGS_mini,0.660677,7
pmlb/1203_BNG_pwLinear,FIGS_large,0.677869,13
pmlb/1203_BNG_pwLinear,RuleFit,0.662021,9
pmlb/1203_BNG_pwLinear,HSTree_mini,0.681066,16
pmlb/1203_BNG_pwLinear,HSTree_large,0.666267,10
pmlb/1203_BNG_pwLinear,EBM,0.658559,6
pmlb/1203_BNG_pwLinear,TabPFN,0.641716,1
pmlb/1203_BNG_pwLinear,DecisionTreeSimple,0.674809,11
pmlb/1203_BNG_pwLinear,SegGAM_ga2m_v8,0.679227,15
pmlb/1203_BNG_pwLinear,AddGP_v45,0.648135,2
pmlb/1203_BNG_pwLinear,AddGP_v49,0.650029,4
pmlb/1595_poker,PyGAM,1.030247,18
pmlb/1595_poker,DT_mini,1.025251,16
pmlb/1595_poker,DT_large,1.087182,21
pmlb/1595_poker,OLS,1.017360,14
pmlb/1595_poker,LassoCV,1.011398,12
pmlb/1595_poker,RidgeCV,1.017291,13
pmlb/1595_poker,RF,0.991750,5
pmlb/1595_poker,GBM,0.984360,4
pmlb/1595_poker,MLP,1.004007,9
pmlb/1595_poker,FIGS_mini,1.060705,19
pmlb/1595_poker,FIGS_large,1.074669,20
pmlb/1595_poker,RuleFit,1.002669,7
pmlb/1595_poker,HSTree_mini,1.005095,10
pmlb/1595_poker,HSTree_large,1.004003,8
pmlb/1595_poker,EBM,0.991878,6
pmlb/1595_poker,TabPFN,1.028985,17
pmlb/1595_poker,DecisionTreeSimple,1.024486,15
pmlb/1595_poker,SegGAM_ga2m_v8,1.011207,11
pmlb/1595_poker,AddGP_v45,0.915107,1
pmlb/1595_poker,AddGP_v49,0.925764,3
pmlb/192_vineyard,PyGAM,0.421638,4
pmlb/192_vineyard,DT_mini,0.685621,16
pmlb/192_vineyard,DT_large,0.844272,20
pmlb/192_vineyard,OLS,0.508868,8
pmlb/192_vineyard,LassoCV,0.545154,12
pmlb/192_vineyard,RidgeCV,0.522288,10
pmlb/192_vineyard,RF,0.619561,13
pmlb/192_vineyard,GBM,0.768261,19
pmlb/192_vineyard,MLP,0.520361,9
pmlb/192_vineyard,FIGS_mini,0.684918,15
pmlb/192_vineyard,FIGS_large,0.877789,21
pmlb/192_vineyard,RuleFit,0.531009,11
pmlb/192_vineyard,HSTree_mini,0.700389,17
pmlb/192_vineyard,HSTree_large,0.715377,18
pmlb/192_vineyard,EBM,0.507385,7
pmlb/192_vineyard,TabPFN,0.389260,1
pmlb/192_vineyard,DecisionTreeSimple,0.627015,14
pmlb/192_vineyard,SegGAM_ga2m_v8,0.482043,6
pmlb/192_vineyard,AddGP_v45,0.473414,5
pmlb/192_vineyard,AddGP_v49,0.408237,3
pmlb/197_cpu_act,PyGAM,0.173718,6
pmlb/197_cpu_act,DT_mini,0.253144,16
pmlb/197_cpu_act,DT_large,0.226447,12
pmlb/197_cpu_act,OLS,0.565065,19
pmlb/197_cpu_act,LassoCV,0.742457,20
pmlb/197_cpu_act,RidgeCV,0.559656,18
pmlb/197_cpu_act,RF,0.199308,9
pmlb/197_cpu_act,GBM,0.158850,2
pmlb/197_cpu_act,MLP,912.810974,21
pmlb/197_cpu_act,FIGS_mini,0.239842,13
pmlb/197_cpu_act,FIGS_large,0.199590,10
pmlb/197_cpu_act,RuleFit,0.318561,17
pmlb/197_cpu_act,HSTree_mini,0.253052,15
pmlb/197_cpu_act,HSTree_large,0.224038,11
pmlb/197_cpu_act,EBM,0.167552,5
pmlb/197_cpu_act,TabPFN,0.138888,1
pmlb/197_cpu_act,DecisionTreeSimple,0.248805,14
pmlb/197_cpu_act,SegGAM_ga2m_v8,0.194317,8
pmlb/197_cpu_act,AddGP_v45,0.183897,7
pmlb/197_cpu_act,AddGP_v49,0.164498,4
pmlb/201_pol,PyGAM,0.549154,17
pmlb/201_pol,DT_mini,0.362666,13
pmlb/201_pol,DT_large,0.335931,9
pmlb/201_pol,OLS,0.709816,20
pmlb/201_pol,LassoCV,0.710064,21
pmlb/201_pol,RidgeCV,0.709214,19
pmlb/201_pol,RF,0.274815,2
pmlb/201_pol,GBM,0.298954,5
pmlb/201_pol,MLP,0.576993,18
pmlb/201_pol,FIGS_mini,0.356437,11
pmlb/201_pol,FIGS_large,0.338477,10
pmlb/201_pol,RuleFit,0.309226,6
pmlb/201_pol,HSTree_mini,0.362635,12
pmlb/201_pol,HSTree_large,0.324726,7
pmlb/201_pol,EBM,0.367724,14
pmlb/201_pol,TabPFN,0.141046,1
pmlb/201_pol,DecisionTreeSimple,0.395853,16
pmlb/201_pol,SegGAM_ga2m_v8,0.388091,15
pmlb/201_pol,AddGP_v45,0.334436,8
pmlb/201_pol,AddGP_v49,0.298309,4
pmlb/210_cloud,PyGAM,0.274209,3
pmlb/210_cloud,DT_mini,0.574256,20
pmlb/210_cloud,DT_large,0.604440,21
pmlb/210_cloud,OLS,0.302598,8
pmlb/210_cloud,LassoCV,0.297391,7
pmlb/210_cloud,RidgeCV,0.302643,9
pmlb/210_cloud,RF,0.393746,11
pmlb/210_cloud,GBM,0.447321,15
pmlb/210_cloud,MLP,0.292690,6
pmlb/210_cloud,FIGS_mini,0.536609,18
pmlb/210_cloud,FIGS_large,0.498255,16
pmlb/210_cloud,RuleFit,0.447312,14
pmlb/210_cloud,HSTree_mini,0.524478,17
pmlb/210_cloud,HSTree_large,0.548092,19
pmlb/210_cloud,EBM,0.278423,5
pmlb/210_cloud,TabPFN,0.273992,2
pmlb/210_cloud,DecisionTreeSimple,0.350395,10
pmlb/210_cloud,SegGAM_ga2m_v8,0.272419,1
pmlb/210_cloud,AddGP_v45,0.274725,4
pmlb/210_cloud,AddGP_v49,0.393977,13
pmlb/215_2dplanes,PyGAM,0.540914,21
pmlb/215_2dplanes,DT_mini,0.426038,16
pmlb/215_2dplanes,DT_large,0.293198,11
pmlb/215_2dplanes,OLS,0.535259,19
pmlb/215_2dplanes,LassoCV,0.535068,18
pmlb/215_2dplanes,RidgeCV,0.535296,20
pmlb/215_2dplanes,RF,0.250394,9
pmlb/215_2dplanes,GBM,0.235261,5
pmlb/215_2dplanes,MLP,0.243816,8
pmlb/215_2dplanes,FIGS_mini,0.397537,15
pmlb/215_2dplanes,FIGS_large,0.243363,7
pmlb/215_2dplanes,RuleFit,0.262276,10
pmlb/215_2dplanes,HSTree_mini,0.426049,17
pmlb/215_2dplanes,HSTree_large,0.293207,12
pmlb/215_2dplanes,EBM,0.236124,6
pmlb/215_2dplanes,TabPFN,0.230708,2
pmlb/215_2dplanes,DecisionTreeSimple,0.323102,14
pmlb/215_2dplanes,SegGAM_ga2m_v8,0.296061,13
pmlb/215_2dplanes,AddGP_v45,0.227928,1
pmlb/215_2dplanes,AddGP_v49,0.230831,4
pmlb/218_house_8L,PyGAM,0.697595,4
pmlb/218_house_8L,DT_mini,0.762756,12
pmlb/218_house_8L,DT_large,0.786732,17
pmlb/218_house_8L,OLS,1.089536,20
pmlb/218_house_8L,LassoCV,1.087215,19
pmlb/218_house_8L,RidgeCV,0.854787,18
pmlb/218_house_8L,RF,0.704566,8
pmlb/218_house_8L,GBM,0.690860,2
pmlb/218_house_8L,MLP,1.410088,21
pmlb/218_house_8L,FIGS_mini,0.785629,16
pmlb/218_house_8L,FIGS_large,0.784108,14
pmlb/218_house_8L,RuleFit,0.784780,15
pmlb/218_house_8L,HSTree_mini,0.770780,13
pmlb/218_house_8L,HSTree_large,0.751358,10
pmlb/218_house_8L,EBM,0.695569,3
pmlb/218_house_8L,TabPFN,0.644881,1
pmlb/218_house_8L,DecisionTreeSimple,0.762061,11
pmlb/218_house_8L,SegGAM_ga2m_v8,0.708020,9
pmlb/218_house_8L,AddGP_v45,0.699657,7
pmlb/218_house_8L,AddGP_v49,0.699616,6
pmlb/225_puma8NH,PyGAM,0.752715,18
pmlb/225_puma8NH,DT_mini,0.713115,17
pmlb/225_puma8NH,DT_large,0.671396,13
pmlb/225_puma8NH,OLS,0.781513,21
pmlb/225_puma8NH,LassoCV,0.781055,19
pmlb/225_puma8NH,RidgeCV,0.781400,20
pmlb/225_puma8NH,RF,0.617547,5
pmlb/225_puma8NH,GBM,0.618783,7
pmlb/225_puma8NH,MLP,0.617553,6
pmlb/225_puma8NH,FIGS_mini,0.695208,15
pmlb/225_puma8NH,FIGS_large,0.670046,12
pmlb/225_puma8NH,RuleFit,0.666590,10
pmlb/225_puma8NH,HSTree_mini,0.710840,16
pmlb/225_puma8NH,HSTree_large,0.659796,9
pmlb/225_puma8NH,EBM,0.622858,8
pmlb/225_puma8NH,TabPFN,0.575640,1
pmlb/225_puma8NH,DecisionTreeSimple,0.685028,14
pmlb/225_puma8NH,SegGAM_ga2m_v8,0.667757,11
pmlb/225_puma8NH,AddGP_v45,0.594335,4
pmlb/225_puma8NH,AddGP_v49,0.594073,3
pmlb/227_cpu_small,PyGAM,0.204787,7
pmlb/227_cpu_small,DT_mini,0.285635,16
pmlb/227_cpu_small,DT_large,0.244801,12
pmlb/227_cpu_small,OLS,0.611171,19
pmlb/227_cpu_small,LassoCV,0.742457,20
pmlb/227_cpu_small,RidgeCV,0.562913,18
pmlb/227_cpu_small,RF,0.218315,8
pmlb/227_cpu_small,GBM,0.187871,2
pmlb/227_cpu_small,MLP,724.021529,21
pmlb/227_cpu_small,FIGS_mini,0.251926,13
pmlb/227_cpu_small,FIGS_large,0.221763,9
pmlb/227_cpu_small,RuleFit,0.344653,17
pmlb/227_cpu_small,HSTree_mini,0.284538,15
pmlb/227_cpu_small,HSTree_large,0.243118,11
pmlb/227_cpu_small,EBM,0.192590,3
pmlb/227_cpu_small,TabPFN,0.168318,1
pmlb/227_cpu_small,DecisionTreeSimple,0.276928,14
pmlb/227_cpu_small,SegGAM_ga2m_v8,0.225792,10
pmlb/227_cpu_small,AddGP_v45,0.200505,6
pmlb/227_cpu_small,AddGP_v49,0.194114,5
pmlb/228_elusage,PyGAM,0.478782,11
pmlb/228_elusage,DT_mini,0.471935,9
pmlb/228_elusage,DT_large,0.426362,3
pmlb/228_elusage,OLS,0.511401,17
pmlb/228_elusage,LassoCV,0.480834,12
pmlb/228_elusage,RidgeCV,0.510593,16
pmlb/228_elusage,RF,0.425804,1
pmlb/228_elusage,GBM,0.436995,4
pmlb/228_elusage,MLP,1.207429,21
pmlb/228_elusage,FIGS_mini,0.458839,6
pmlb/228_elusage,FIGS_large,0.484808,13
pmlb/228_elusage,RuleFit,0.468865,8
pmlb/228_elusage,HSTree_mini,0.471935,10
pmlb/228_elusage,HSTree_large,0.425812,2
pmlb/228_elusage,EBM,0.528872,20
pmlb/228_elusage,TabPFN,0.464497,7
pmlb/228_elusage,DecisionTreeSimple,0.451333,5
pmlb/228_elusage,SegGAM_ga2m_v8,0.504099,15
pmlb/228_elusage,AddGP_v45,0.498445,14
pmlb/228_elusage,AddGP_v49,0.521412,19
pmlb/229_pwLinear,PyGAM,0.402434,14
pmlb/229_pwLinear,DT_mini,0.485672,21
pmlb/229_pwLinear,DT_large,0.483902,20
pmlb/229_pwLinear,OLS,0.397349,11
pmlb/229_pwLinear,LassoCV,0.390045,9
pmlb/229_pwLinear,RidgeCV,0.394616,10
pmlb/229_pwLinear,RF,0.374468,8
pmlb/229_pwLinear,GBM,0.354602,7
pmlb/229_pwLinear,MLP,0.400872,12
pmlb/229_pwLinear,FIGS_mini,0.401258,13
pmlb/229_pwLinear,FIGS_large,0.428879,17
pmlb/229_pwLinear,RuleFit,0.327694,4
pmlb/229_pwLinear,HSTree_mini,0.481541,19
pmlb/229_pwLinear,HSTree_large,0.469100,18
pmlb/229_pwLinear,EBM,0.405762,15
pmlb/229_pwLinear,TabPFN,0.312971,3
pmlb/229_pwLinear,DecisionTreeSimple,0.407615,16
pmlb/229_pwLinear,SegGAM_ga2m_v8,0.307898,2
pmlb/229_pwLinear,AddGP_v45,0.297807,1
pmlb/229_pwLinear,AddGP_v49,0.345503,6
pmlb/230_machine_cpu,PyGAM,0.332015,1
pmlb/230_machine_cpu,DT_mini,0.808921,18
pmlb/230_machine_cpu,DT_large,0.670488,14
pmlb/230_machine_cpu,OLS,0.541310,7
pmlb/230_machine_cpu,LassoCV,0.628794,13
pmlb/230_machine_cpu,RidgeCV,0.541304,6
pmlb/230_machine_cpu,RF,0.569563,10
pmlb/230_machine_cpu,GBM,0.577137,11
pmlb/230_machine_cpu,MLP,113.095662,21
pmlb/230_machine_cpu,FIGS_mini,0.804404,17
pmlb/230_machine_cpu,FIGS_large,0.721489,16
pmlb/230_machine_cpu,RuleFit,0.611748,12
pmlb/230_machine_cpu,HSTree_mini,0.808921,19
pmlb/230_machine_cpu,HSTree_large,0.679851,15
pmlb/230_machine_cpu,EBM,0.537511,4
pmlb/230_machine_cpu,TabPFN,1.561240,20
pmlb/230_machine_cpu,DecisionTreeSimple,0.369837,2
pmlb/230_machine_cpu,SegGAM_ga2m_v8,0.386476,3
pmlb/230_machine_cpu,AddGP_v45,0.537924,5
pmlb/230_machine_cpu,AddGP_v49,0.558827,9
pmlb/294_satellite_image,PyGAM,0.443186,8
pmlb/294_satellite_image,DT_mini,0.527527,16
pmlb/294_satellite_image,DT_large,0.490853,12
pmlb/294_satellite_image,OLS,0.557316,19
pmlb/294_satellite_image,LassoCV,0.551906,17
pmlb/294_satellite_image,RidgeCV,0.557292,18
pmlb/294_satellite_image,RF,0.393493,3
pmlb/294_satellite_image,GBM,0.409630,4
pmlb/294_satellite_image,MLP,1.342500,21
pmlb/294_satellite_image,FIGS_mini,0.520949,13
pmlb/294_satellite_image,FIGS_large,0.485593,10
pmlb/294_satellite_image,RuleFit,0.630976,20
pmlb/294_satellite_image,HSTree_mini,0.525870,14
pmlb/294_satellite_image,HSTree_large,0.489967,11
pmlb/294_satellite_image,EBM,0.387879,2
pmlb/294_satellite_image,TabPFN,0.321822,1
pmlb/294_satellite_image,DecisionTreeSimple,0.526243,15
pmlb/294_satellite_image,SegGAM_ga2m_v8,0.443584,9
pmlb/294_satellite_image,AddGP_v45,0.434911,7
pmlb/294_satellite_image,AddGP_v49,0.430740,6
pmlb/344_mv,PyGAM,0.432789,17
pmlb/344_mv,DT_mini,0.289504,16
pmlb/344_mv,DT_large,0.161048,10
pmlb/344_mv,OLS,0.434862,18
pmlb/344_mv,LassoCV,0.435607,20
pmlb/344_mv,RidgeCV,0.434865,19
pmlb/344_mv,RF,0.105879,8
pmlb/344_mv,GBM,0.052105,5
pmlb/344_mv,MLP,0.503838,21
pmlb/344_mv,FIGS_mini,0.202336,12
pmlb/344_mv,FIGS_large,0.095683,7
pmlb/344_mv,RuleFit,0.283315,14
pmlb/344_mv,HSTree_mini,0.289330,15
pmlb/344_mv,HSTree_large,0.161052,11
pmlb/344_mv,EBM,0.054197,6
pmlb/344_mv,TabPFN,0.003208,1
pmlb/344_mv,DecisionTreeSimple,0.239450,13
pmlb/344_mv,SegGAM_ga2m_v8,0.120405,9
pmlb/344_mv,AddGP_v45,0.051692,4
pmlb/344_mv,AddGP_v49,0.043539,3
pmlb/4544_GeographicalOriginalofMusic,PyGAM,0.656222,10
pmlb/4544_GeographicalOriginalofMusic,DT_mini,0.760770,18
pmlb/4544_GeographicalOriginalofMusic,DT_large,0.766547,19
pmlb/4544_GeographicalOriginalofMusic,OLS,0.622808,3
pmlb/4544_GeographicalOriginalofMusic,LassoCV,0.623070,4
pmlb/4544_GeographicalOriginalofMusic,RidgeCV,0.619506,2
pmlb/4544_GeographicalOriginalofMusic,RF,0.651707,9
pmlb/4544_GeographicalOriginalofMusic,GBM,0.637605,6
pmlb/4544_GeographicalOriginalofMusic,MLP,0.682040,14
pmlb/4544_GeographicalOriginalofMusic,FIGS_mini,0.767211,20
pmlb/4544_GeographicalOriginalofMusic,FIGS_large,0.800177,21
pmlb/4544_GeographicalOriginalofMusic,RuleFit,0.679273,13
pmlb/4544_GeographicalOriginalofMusic,HSTree_mini,0.713209,17
pmlb/4544_GeographicalOriginalofMusic,HSTree_large,0.684131,15
pmlb/4544_GeographicalOriginalofMusic,EBM,0.638056,7
pmlb/4544_GeographicalOriginalofMusic,TabPFN,0.594684,1
pmlb/4544_GeographicalOriginalofMusic,DecisionTreeSimple,0.710193,16
pmlb/4544_GeographicalOriginalofMusic,SegGAM_ga2m_v8,0.635007,5
pmlb/4544_GeographicalOriginalofMusic,AddGP_v45,0.648040,8
pmlb/4544_GeographicalOriginalofMusic,AddGP_v49,0.668130,12
pmlb/485_analcatdata_vehicle,PyGAM,0.796540,14
pmlb/485_analcatdata_vehicle,DT_mini,0.774051,8
pmlb/485_analcatdata_vehicle,DT_large,0.965954,21
pmlb/485_analcatdata_vehicle,OLS,0.793528,12
pmlb/485_analcatdata_vehicle,LassoCV,0.801525,15
pmlb/485_analcatdata_vehicle,RidgeCV,0.801842,16
pmlb/485_analcatdata_vehicle,RF,0.750254,7
pmlb/485_analcatdata_vehicle,GBM,0.690453,6
pmlb/485_analcatdata_vehicle,MLP,0.853624,19
pmlb/485_analcatdata_vehicle,FIGS_mini,0.637476,5
pmlb/485_analcatdata_vehicle,FIGS_large,0.440642,1
pmlb/485_analcatdata_vehicle,RuleFit,0.511646,2
pmlb/485_analcatdata_vehicle,HSTree_mini,0.828513,17
pmlb/485_analcatdata_vehicle,HSTree_large,0.877271,20
pmlb/485_analcatdata_vehicle,EBM,0.536507,3
pmlb/485_analcatdata_vehicle,TabPFN,0.782987,11
pmlb/485_analcatdata_vehicle,DecisionTreeSimple,0.846374,18
pmlb/485_analcatdata_vehicle,SegGAM_ga2m_v8,0.793542,13
pmlb/485_analcatdata_vehicle,AddGP_v45,0.606096,4
pmlb/485_analcatdata_vehicle,AddGP_v49,0.780081,10
pmlb/503_wind,PyGAM,0.467302,3
pmlb/503_wind,DT_mini,0.585988,18
pmlb/503_wind,DT_large,0.600301,21
pmlb/503_wind,OLS,0.476537,8
pmlb/503_wind,LassoCV,0.476126,7
pmlb/503_wind,RidgeCV,0.476544,9
pmlb/503_wind,RF,0.517654,12
pmlb/503_wind,GBM,0.479852,11
pmlb/503_wind,MLP,0.552230,15
pmlb/503_wind,FIGS_mini,0.564346,16
pmlb/503_wind,FIGS_large,0.529328,13
pmlb/503_wind,RuleFit,0.530703,14
pmlb/503_wind,HSTree_mini,0.588568,19
pmlb/503_wind,HSTree_large,0.583712,17
pmlb/503_wind,EBM,0.467650,4
pmlb/503_wind,TabPFN,0.440554,1
pmlb/503_wind,DecisionTreeSimple,0.594990,20
pmlb/503_wind,SegGAM_ga2m_v8,0.466548,2
pmlb/503_wind,AddGP_v45,0.477262,10
pmlb/503_wind,AddGP_v49,0.475057,6
pmlb/505_tecator,PyGAM,0.216968,21
pmlb/505_tecator,DT_mini,0.180422,17
pmlb/505_tecator,DT_large,0.183648,20
pmlb/505_tecator,OLS,0.065781,1
pmlb/505_tecator,LassoCV,0.117399,6
pmlb/505_tecator,RidgeCV,0.099752,3
pmlb/505_tecator,RF,0.137423,13
pmlb/505_tecator,GBM,0.124764,9
pmlb/505_tecator,MLP,0.118274,7
pmlb/505_tecator,FIGS_mini,0.174757,16
pmlb/505_tecator,FIGS_large,0.153759,14
pmlb/505_tecator,RuleFit,0.130975,12
pmlb/505_tecator,HSTree_mini,0.180521,18
pmlb/505_tecator,HSTree_large,0.182998,19
pmlb/505_tecator,EBM,0.125832,10
pmlb/505_tecator,TabPFN,0.072145,2
pmlb/505_tecator,DecisionTreeSimple,0.164912,15
pmlb/505_tecator,SegGAM_ga2m_v8,0.118958,8
pmlb/505_tecator,AddGP_v45,0.129956,11
pmlb/505_tecator,AddGP_v49,0.114874,5
pmlb/519_vinnie,PyGAM,0.547565,7
pmlb/519_vinnie,DT_mini,0.595927,14
pmlb/519_vinnie,DT_large,0.619221,18
pmlb/519_vinnie,OLS,0.508163,3
pmlb/519_vinnie,LassoCV,0.507563,1
pmlb/519_vinnie,RidgeCV,0.508007,2
pmlb/519_vinnie,RF,0.595308,13
pmlb/519_vinnie,GBM,0.615310,17
pmlb/519_vinnie,MLP,1.880808,21
pmlb/519_vinnie,FIGS_mini,0.607921,16
pmlb/519_vinnie,FIGS_large,0.620204,19
pmlb/519_vinnie,RuleFit,0.562816,11
pmlb/519_vinnie,HSTree_mini,0.588763,12
pmlb/519_vinnie,HSTree_large,0.599960,15
pmlb/519_vinnie,EBM,0.542639,6
pmlb/519_vinnie,TabPFN,0.532386,5
pmlb/519_vinnie,DecisionTreeSimple,0.626812,20
pmlb/519_vinnie,SegGAM_ga2m_v8,0.530918,4
pmlb/519_vinnie,AddGP_v45,0.560728,10
pmlb/519_vinnie,AddGP_v49,0.553936,9
pmlb/522_pm10,PyGAM,0.824931,5
pmlb/522_pm10,DT_mini,0.977739,16
pmlb/522_pm10,DT_large,1.013535,19
pmlb/522_pm10,OLS,0.918897,11
pmlb/522_pm10,LassoCV,0.919460,12
pmlb/522_pm10,RidgeCV,0.918503,10
pmlb/522_pm10,RF,0.930337,13
pmlb/522_pm10,GBM,0.864590,7
pmlb/522_pm10,MLP,6.148758,21
pmlb/522_pm10,FIGS_mini,0.987294,17
pmlb/522_pm10,FIGS_large,1.048937,20
pmlb/522_pm10,RuleFit,0.939123,14
pmlb/522_pm10,HSTree_mini,0.947548,15
pmlb/522_pm10,HSTree_large,0.913548,9
pmlb/522_pm10,EBM,0.825545,6
pmlb/522_pm10,TabPFN,0.815108,4
pmlb/522_pm10,DecisionTreeSimple,1.001264,18
pmlb/522_pm10,SegGAM_ga2m_v8,0.913305,8
pmlb/522_pm10,AddGP_v45,0.812172,3
pmlb/522_pm10,AddGP_v49,0.811979,2
pmlb/523_analcatdata_neavote,PyGAM,0.220072,19
pmlb/523_analcatdata_neavote,DT_mini,0.214749,10
pmlb/523_analcatdata_neavote,DT_large,0.214749,11
pmlb/523_analcatdata_neavote,OLS,0.213590,7
pmlb/523_analcatdata_neavote,LassoCV,0.207268,2
pmlb/523_analcatdata_neavote,RidgeCV,0.213698,8
pmlb/523_analcatdata_neavote,RF,0.210905,3
pmlb/523_analcatdata_neavote,GBM,0.214757,14
pmlb/523_analcatdata_neavote,MLP,0.221343,20
pmlb/523_analcatdata_neavote,FIGS_mini,0.214749,12
pmlb/523_analcatdata_neavote,FIGS_large,0.214749,13
pmlb/523_analcatdata_neavote,RuleFit,0.213511,6
pmlb/523_analcatdata_neavote,HSTree_mini,0.218753,17
pmlb/523_analcatdata_neavote,HSTree_large,0.218753,18
pmlb/523_analcatdata_neavote,EBM,0.213992,9
pmlb/523_analcatdata_neavote,TabPFN,0.229900,21
pmlb/523_analcatdata_neavote,DecisionTreeSimple,0.211431,4
pmlb/523_analcatdata_neavote,SegGAM_ga2m_v8,0.205261,1
pmlb/523_analcatdata_neavote,AddGP_v45,0.212251,5
pmlb/523_analcatdata_neavote,AddGP_v49,0.217854,16
pmlb/527_analcatdata_election2000,PyGAM,1.701881,20
pmlb/527_analcatdata_election2000,DT_mini,1.242859,13
pmlb/527_analcatdata_election2000,DT_large,1.234649,12
pmlb/527_analcatdata_election2000,OLS,0.000001,1
pmlb/527_analcatdata_election2000,LassoCV,0.085439,3
pmlb/527_analcatdata_election2000,RidgeCV,0.000410,2
pmlb/527_analcatdata_election2000,RF,1.209587,10
pmlb/527_analcatdata_election2000,GBM,1.013245,8
pmlb/527_analcatdata_election2000,MLP,1887.229749,21
pmlb/527_analcatdata_election2000,FIGS_mini,0.892644,5
pmlb/527_analcatdata_election2000,FIGS_large,0.905199,6
pmlb/527_analcatdata_election2000,RuleFit,1.173782,9
pmlb/527_analcatdata_election2000,HSTree_mini,1.226313,11
pmlb/527_analcatdata_election2000,HSTree_large,1.243038,14
pmlb/527_analcatdata_election2000,EBM,1.355861,15
pmlb/527_analcatdata_election2000,TabPFN,1.686215,19
pmlb/527_analcatdata_election2000,DecisionTreeSimple,1.004954,7
pmlb/527_analcatdata_election2000,SegGAM_ga2m_v8,0.805277,4
pmlb/527_analcatdata_election2000,AddGP_v45,1.383729,16
pmlb/527_analcatdata_election2000,AddGP_v49,1.549197,18
pmlb/529_pollen,PyGAM,0.461038,4
pmlb/529_pollen,DT_mini,0.782516,21
pmlb/529_pollen,DT_large,0.695603,15
pmlb/529_pollen,OLS,0.459518,1
pmlb/529_pollen,LassoCV,0.459645,3
pmlb/529_pollen,RidgeCV,0.459633,2
pmlb/529_pollen,RF,0.613460,13
pmlb/529_pollen,GBM,0.520837,12
pmlb/529_pollen,MLP,0.466292,7
pmlb/529_pollen,FIGS_mini,0.710752,17
pmlb/529_pollen,FIGS_large,0.622554,14
pmlb/529_pollen,RuleFit,0.714367,18
pmlb/529_pollen,HSTree_mini,0.780597,20
pmlb/529_pollen,HSTree_large,0.699142,16
pmlb/529_pollen,EBM,0.477971,8
pmlb/529_pollen,TabPFN,0.462265,6
pmlb/529_pollen,DecisionTreeSimple,0.755113,19
pmlb/529_pollen,SegGAM_ga2m_v8,0.461841,5
pmlb/529_pollen,AddGP_v45,0.480005,11
pmlb/529_pollen,AddGP_v49,0.479405,10
pmlb/537_houses,PyGAM,0.553856,8
pmlb/537_houses,DT_mini,0.711440,19
pmlb/537_houses,DT_large,0.723465,20
pmlb/537_houses,OLS,0.601016,9
pmlb/537_houses,LassoCV,0.689718,17
pmlb/537_houses,RidgeCV,0.601324,10
pmlb/537_houses,RF,0.619303,11
pmlb/537_houses,GBM,0.534688,6
pmlb/537_houses,MLP,3.346552,21
pmlb/537_houses,FIGS_mini,0.658505,14
pmlb/537_houses,FIGS_large,0.638062,13
pmlb/537_houses,RuleFit,0.631968,12
pmlb/537_houses,HSTree_mini,0.708659,18
pmlb/537_houses,HSTree_large,0.684357,15
pmlb/537_houses,EBM,0.515784,5
pmlb/537_houses,TabPFN,0.433940,1
pmlb/537_houses,DecisionTreeSimple,0.688515,16
pmlb/537_houses,SegGAM_ga2m_v8,0.538214,7
pmlb/537_houses,AddGP_v45,0.511916,4
pmlb/537_houses,AddGP_v49,0.492571,3
pmlb/542_pollution,PyGAM,1.111270,11
pmlb/542_pollution,DT_mini,1.403815,19
pmlb/542_pollution,DT_large,1.284615,16
pmlb/542_pollution,OLS,0.932164,4
pmlb/542_pollution,LassoCV,0.882812,3
pmlb/542_pollution,RidgeCV,0.824457,2
pmlb/542_pollution,RF,1.059139,8
pmlb/542_pollution,GBM,1.038592,7
pmlb/542_pollution,MLP,134.580121,21
pmlb/542_pollution,FIGS_mini,1.165539,12
pmlb/542_pollution,FIGS_large,1.169855,13
pmlb/542_pollution,RuleFit,1.252642,15
pmlb/542_pollution,HSTree_mini,1.414057,20
pmlb/542_pollution,HSTree_large,1.387260,18
pmlb/542_pollution,EBM,1.016350,6
pmlb/542_pollution,TabPFN,0.808790,1
pmlb/542_pollution,DecisionTreeSimple,1.334304,17
pmlb/542_pollution,SegGAM_ga2m_v8,1.006983,5
pmlb/542_pollution,AddGP_v45,1.201406,14
pmlb/542_pollution,AddGP_v49,1.092208,10
pmlb/547_no2,PyGAM,0.651745,6
pmlb/547_no2,DT_mini,0.763469,19
pmlb/547_no2,DT_large,0.712038,13
pmlb/547_no2,OLS,0.705119,12
pmlb/547_no2,LassoCV,0.703447,10
pmlb/547_no2,RidgeCV,0.704892,11
pmlb/547_no2,RF,0.678068,8
pmlb/547_no2,GBM,0.653842,7
pmlb/547_no2,MLP,6.596477,21
pmlb/547_no2,FIGS_mini,0.752329,17
pmlb/547_no2,FIGS_large,0.740887,15
pmlb/547_no2,RuleFit,0.763688,20
pmlb/547_no2,HSTree_mini,0.760862,18
pmlb/547_no2,HSTree_large,0.719722,14
pmlb/547_no2,EBM,0.618151,4
pmlb/547_no2,TabPFN,0.629062,5
pmlb/547_no2,DecisionTreeSimple,0.751717,16
pmlb/547_no2,SegGAM_ga2m_v8,0.681260,9
pmlb/547_no2,AddGP_v45,0.609448,1
pmlb/547_no2,AddGP_v49,0.616196,3
pmlb/556_analcatdata_apnea2,PyGAM,1.147915,16
pmlb/556_analcatdata_apnea2,DT_mini,0.452499,10
pmlb/556_analcatdata_apnea2,DT_large,0.436566,7
pmlb/556_analcatdata_apnea2,OLS,1.410283,18
pmlb/556_analcatdata_apnea2,LassoCV,1.411346,20
pmlb/556_analcatdata_apnea2,RidgeCV,1.410463,19
pmlb/556_analcatdata_apnea2,RF,0.402525,1
pmlb/556_analcatdata_apnea2,GBM,0.471713,13
pmlb/556_analcatdata_apnea2,MLP,1.343332,17
pmlb/556_analcatdata_apnea2,FIGS_mini,0.423232,5
pmlb/556_analcatdata_apnea2,FIGS_large,0.441220,9
pmlb/556_analcatdata_apnea2,RuleFit,0.458487,11
pmlb/556_analcatdata_apnea2,HSTree_mini,0.463995,12
pmlb/556_analcatdata_apnea2,HSTree_large,0.440273,8
pmlb/556_analcatdata_apnea2,EBM,0.483866,14
pmlb/556_analcatdata_apnea2,TabPFN,0.743047,15
pmlb/556_analcatdata_apnea2,DecisionTreeSimple,0.434175,6
pmlb/556_analcatdata_apnea2,SegGAM_ga2m_v8,1.423182,21
pmlb/556_analcatdata_apnea2,AddGP_v45,0.418755,2
pmlb/556_analcatdata_apnea2,AddGP_v49,0.420456,4
pmlb/557_analcatdata_apnea1,PyGAM,1.078336,16
pmlb/557_analcatdata_apnea1,DT_mini,0.427916,12
pmlb/557_analcatdata_apnea1,DT_large,0.463288,14
pmlb/557_analcatdata_apnea1,OLS,1.313179,18
pmlb/557_analcatdata_apnea1,LassoCV,1.313633,20
pmlb/557_analcatdata_apnea1,RidgeCV,1.313382,19
pmlb/557_analcatdata_apnea1,RF,0.325329,1
pmlb/557_analcatdata_apnea1,GBM,0.386248,7
pmlb/557_analcatdata_apnea1,MLP,1.244012,17
pmlb/557_analcatdata_apnea1,FIGS_mini,0.426246,11
pmlb/557_analcatdata_apnea1,FIGS_large,0.461339,13
pmlb/557_analcatdata_apnea1,RuleFit,0.334563,2
pmlb/557_analcatdata_apnea1,HSTree_mini,0.397668,8
pmlb/557_analcatdata_apnea1,HSTree_large,0.419828,9
pmlb/557_analcatdata_apnea1,EBM,0.420712,10
pmlb/557_analcatdata_apnea1,TabPFN,0.648114,15
pmlb/557_analcatdata_apnea1,DecisionTreeSimple,0.366561,6
pmlb/557_analcatdata_apnea1,SegGAM_ga2m_v8,1.327174,21
pmlb/557_analcatdata_apnea1,AddGP_v45,0.353639,3
pmlb/557_analcatdata_apnea1,AddGP_v49,0.353767,5
pmlb/560_bodyfat,PyGAM,0.238406,18
pmlb/560_bodyfat,DT_mini,0.164706,15
pmlb/560_bodyfat,DT_large,0.167601,17
pmlb/560_bodyfat,OLS,0.071091,6
pmlb/560_bodyfat,LassoCV,0.504889,20
pmlb/560_bodyfat,RidgeCV,0.416391,19
pmlb/560_bodyfat,RF,0.035730,3
pmlb/560_bodyfat,GBM,0.033048,2
pmlb/560_bodyfat,MLP,0.948319,21
pmlb/560_bodyfat,FIGS_mini,0.166795,16
pmlb/560_bodyfat,FIGS_large,0.162589,13
pmlb/560_bodyfat,RuleFit,0.042185,4
pmlb/560_bodyfat,HSTree_mini,0.163857,14
pmlb/560_bodyfat,HSTree_large,0.154027,11
pmlb/560_bodyfat,EBM,0.155546,12
pmlb/560_bodyfat,TabPFN,0.011400,1
pmlb/560_bodyfat,DecisionTreeSimple,0.127471,10
pmlb/560_bodyfat,SegGAM_ga2m_v8,0.111088,9
pmlb/560_bodyfat,AddGP_v45,0.068066,5
pmlb/560_bodyfat,AddGP_v49,0.090880,8
pmlb/561_cpu,PyGAM,0.211573,1
pmlb/561_cpu,DT_mini,0.599289,13
pmlb/561_cpu,DT_large,0.706663,17
pmlb/561_cpu,OLS,0.637897,15
pmlb/561_cpu,LassoCV,0.708958,18
pmlb/561_cpu,RidgeCV,0.637903,16
pmlb/561_cpu,RF,0.755236,19
pmlb/561_cpu,GBM,0.533481,7
pmlb/561_cpu,MLP,731.641462,21
pmlb/561_cpu,FIGS_mini,0.403045,3
pmlb/561_cpu,FIGS_large,0.470456,4
pmlb/561_cpu,RuleFit,0.592204,11
pmlb/561_cpu,HSTree_mini,0.599998,14
pmlb/561_cpu,HSTree_large,0.557159,10
pmlb/561_cpu,EBM,0.596690,12
pmlb/561_cpu,TabPFN,3.711459,20
pmlb/561_cpu,DecisionTreeSimple,0.522591,6
pmlb/561_cpu,SegGAM_ga2m_v8,0.309302,2
pmlb/561_cpu,AddGP_v45,0.510247,5
pmlb/561_cpu,AddGP_v49,0.551439,9
pmlb/562_cpu_small,PyGAM,0.204787,7
pmlb/562_cpu_small,DT_mini,0.285635,16
pmlb/562_cpu_small,DT_large,0.244801,12
pmlb/562_cpu_small,OLS,0.611171,19
pmlb/562_cpu_small,LassoCV,0.742457,20
pmlb/562_cpu_small,RidgeCV,0.562913,18
pmlb/562_cpu_small,RF,0.218315,8
pmlb/562_cpu_small,GBM,0.187871,2
pmlb/562_cpu_small,MLP,724.021529,21
pmlb/562_cpu_small,FIGS_mini,0.251926,13
pmlb/562_cpu_small,FIGS_large,0.221763,9
pmlb/562_cpu_small,RuleFit,0.344653,17
pmlb/562_cpu_small,HSTree_mini,0.284538,15
pmlb/562_cpu_small,HSTree_large,0.243118,11
pmlb/562_cpu_small,EBM,0.192590,3
pmlb/562_cpu_small,TabPFN,0.168318,1
pmlb/562_cpu_small,DecisionTreeSimple,0.276928,14
pmlb/562_cpu_small,SegGAM_ga2m_v8,0.225792,10
pmlb/562_cpu_small,AddGP_v45,0.200505,6
pmlb/562_cpu_small,AddGP_v49,0.194114,5
pmlb/564_fried,PyGAM,0.346522,9
pmlb/564_fried,DT_mini,0.653174,21
pmlb/564_fried,DT_large,0.595760,17
pmlb/564_fried,OLS,0.539413,13
pmlb/564_fried,LassoCV,0.540395,15
pmlb/564_fried,RidgeCV,0.539835,14
pmlb/564_fried,RF,0.481710,11
pmlb/564_fried,GBM,0.302076,7
pmlb/564_fried,MLP,0.321011,8
pmlb/564_fried,FIGS_mini,0.516864,12
pmlb/564_fried,FIGS_large,0.373558,10
pmlb/564_fried,RuleFit,0.619585,19
pmlb/564_fried,HSTree_mini,0.653013,20
pmlb/564_fried,HSTree_large,0.594462,16
pmlb/564_fried,EBM,0.246494,5
pmlb/564_fried,TabPFN,0.210825,1
pmlb/564_fried,DecisionTreeSimple,0.618066,18
pmlb/564_fried,SegGAM_ga2m_v8,0.293767,6
pmlb/564_fried,AddGP_v45,0.222776,4
pmlb/564_fried,AddGP_v49,0.220293,3
pmlb/573_cpu_act,PyGAM,0.173718,6
pmlb/573_cpu_act,DT_mini,0.253144,16
pmlb/573_cpu_act,DT_large,0.226447,12
pmlb/573_cpu_act,OLS,0.565065,19
pmlb/573_cpu_act,LassoCV,0.742457,20
pmlb/573_cpu_act,RidgeCV,0.559656,18
pmlb/573_cpu_act,RF,0.199308,9
pmlb/573_cpu_act,GBM,0.158850,2
pmlb/573_cpu_act,MLP,912.810974,21
pmlb/573_cpu_act,FIGS_mini,0.239842,13
pmlb/573_cpu_act,FIGS_large,0.199590,10
pmlb/573_cpu_act,RuleFit,0.318561,17
pmlb/573_cpu_act,HSTree_mini,0.253052,15
pmlb/573_cpu_act,HSTree_large,0.224038,11
pmlb/573_cpu_act,EBM,0.167552,5
pmlb/573_cpu_act,TabPFN,0.138888,1
pmlb/573_cpu_act,DecisionTreeSimple,0.248805,14
pmlb/573_cpu_act,SegGAM_ga2m_v8,0.194317,8
pmlb/573_cpu_act,AddGP_v45,0.183897,7
pmlb/573_cpu_act,AddGP_v49,0.164498,4
pmlb/574_house_16H,PyGAM,0.843692,8
pmlb/574_house_16H,DT_mini,1.013715,17
pmlb/574_house_16H,DT_large,1.000078,16
pmlb/574_house_16H,OLS,1.090515,20
pmlb/574_house_16H,LassoCV,1.089378,19
pmlb/574_house_16H,RidgeCV,0.948074,14
pmlb/574_house_16H,RF,0.805477,7
pmlb/574_house_16H,GBM,0.791205,6
pmlb/574_house_16H,MLP,1.522724,21
pmlb/574_house_16H,FIGS_mini,0.941803,13
pmlb/574_house_16H,FIGS_large,1.022059,18
pmlb/574_house_16H,RuleFit,0.866701,10
pmlb/574_house_16H,HSTree_mini,0.926102,12
pmlb/574_house_16H,HSTree_large,0.888054,11
pmlb/574_house_16H,EBM,0.749094,2
pmlb/574_house_16H,TabPFN,0.697825,1
pmlb/574_house_16H,DecisionTreeSimple,0.989749,15
pmlb/574_house_16H,SegGAM_ga2m_v8,0.847952,9
pmlb/574_house_16H,AddGP_v45,0.772426,3
pmlb/574_house_16H,AddGP_v49,0.778762,5
pmlb/659_sleuth_ex1714,PyGAM,0.472381,5
pmlb/659_sleuth_ex1714,DT_mini,0.459616,3
pmlb/659_sleuth_ex1714,DT_large,0.510332,9
pmlb/659_sleuth_ex1714,OLS,0.554739,17
pmlb/659_sleuth_ex1714,LassoCV,0.544293,14
pmlb/659_sleuth_ex1714,RidgeCV,0.554203,16
pmlb/659_sleuth_ex1714,RF,0.460322,4
pmlb/659_sleuth_ex1714,GBM,0.484441,7
pmlb/659_sleuth_ex1714,MLP,0.784214,21
pmlb/659_sleuth_ex1714,FIGS_mini,0.545548,15
pmlb/659_sleuth_ex1714,FIGS_large,0.530072,10
pmlb/659_sleuth_ex1714,RuleFit,0.441698,2
pmlb/659_sleuth_ex1714,HSTree_mini,0.686789,19
pmlb/659_sleuth_ex1714,HSTree_large,0.687010,20
pmlb/659_sleuth_ex1714,EBM,0.496688,8
pmlb/659_sleuth_ex1714,TabPFN,0.436423,1
pmlb/659_sleuth_ex1714,DecisionTreeSimple,0.478471,6
pmlb/659_sleuth_ex1714,SegGAM_ga2m_v8,0.533282,11
pmlb/659_sleuth_ex1714,AddGP_v45,0.556469,18
pmlb/659_sleuth_ex1714,AddGP_v49,0.538664,13
pmlb/663_rabe_266,PyGAM,0.160024,11
pmlb/663_rabe_266,DT_mini,0.312157,18
pmlb/663_rabe_266,DT_large,0.242759,15
pmlb/663_rabe_266,OLS,0.213800,12
pmlb/663_rabe_266,LassoCV,0.214060,14
pmlb/663_rabe_266,RidgeCV,0.213808,13
pmlb/663_rabe_266,RF,0.125234,10
pmlb/663_rabe_266,GBM,0.052302,5
pmlb/663_rabe_266,MLP,0.347040,21
pmlb/663_rabe_266,FIGS_mini,0.317754,20
pmlb/663_rabe_266,FIGS_large,0.115078,9
pmlb/663_rabe_266,RuleFit,0.111104,8
pmlb/663_rabe_266,HSTree_mini,0.312073,17
pmlb/663_rabe_266,HSTree_large,0.242759,16
pmlb/663_rabe_266,EBM,0.053446,6
pmlb/663_rabe_266,TabPFN,0.024422,1
pmlb/663_rabe_266,DecisionTreeSimple,0.316118,19
pmlb/663_rabe_266,SegGAM_ga2m_v8,0.101333,7
pmlb/663_rabe_266,AddGP_v45,0.036213,4
pmlb/663_rabe_266,AddGP_v49,0.032457,3
pmlb/665_sleuth_case2002,PyGAM,0.893138,13
pmlb/665_sleuth_case2002,DT_mini,0.936654,17
pmlb/665_sleuth_case2002,DT_large,1.257004,20
pmlb/665_sleuth_case2002,OLS,0.850093,5
pmlb/665_sleuth_case2002,LassoCV,0.813833,1
pmlb/665_sleuth_case2002,RidgeCV,0.830946,2
pmlb/665_sleuth_case2002,RF,0.926260,16
pmlb/665_sleuth_case2002,GBM,0.991093,19
pmlb/665_sleuth_case2002,MLP,0.846084,4
pmlb/665_sleuth_case2002,FIGS_mini,0.926153,15
pmlb/665_sleuth_case2002,FIGS_large,1.276679,21
pmlb/665_sleuth_case2002,RuleFit,0.902693,14
pmlb/665_sleuth_case2002,HSTree_mini,0.868282,6
pmlb/665_sleuth_case2002,HSTree_large,0.884409,11
pmlb/665_sleuth_case2002,EBM,0.873444,7
pmlb/665_sleuth_case2002,TabPFN,0.839549,3
pmlb/665_sleuth_case2002,DecisionTreeSimple,0.948424,18
pmlb/665_sleuth_case2002,SegGAM_ga2m_v8,0.892758,12
pmlb/665_sleuth_case2002,AddGP_v45,0.881996,8
pmlb/665_sleuth_case2002,AddGP_v49,0.882374,10
pmlb/666_rmftsa_ladata,PyGAM,0.656001,3
pmlb/666_rmftsa_ladata,DT_mini,0.711980,8
pmlb/666_rmftsa_ladata,DT_large,0.770567,17
pmlb/666_rmftsa_ladata,OLS,0.749025,14
pmlb/666_rmftsa_ladata,LassoCV,0.762874,16
pmlb/666_rmftsa_ladata,RidgeCV,0.749413,15
pmlb/666_rmftsa_ladata,RF,0.721077,11
pmlb/666_rmftsa_ladata,GBM,0.706121,6
pmlb/666_rmftsa_ladata,MLP,1.100099,21
pmlb/666_rmftsa_ladata,FIGS_mini,0.785593,20
pmlb/666_rmftsa_ladata,FIGS_large,0.732584,12
pmlb/666_rmftsa_ladata,RuleFit,0.737404,13
pmlb/666_rmftsa_ladata,HSTree_mini,0.779510,18
pmlb/666_rmftsa_ladata,HSTree_large,0.784561,19
pmlb/666_rmftsa_ladata,EBM,0.668388,4
pmlb/666_rmftsa_ladata,TabPFN,0.655422,2
pmlb/666_rmftsa_ladata,DecisionTreeSimple,0.709455,7
pmlb/666_rmftsa_ladata,SegGAM_ga2m_v8,0.652401,1
pmlb/666_rmftsa_ladata,AddGP_v45,0.703925,5
pmlb/666_rmftsa_ladata,AddGP_v49,0.712112,10
pmlb/678_visualizing_environmental,PyGAM,0.715969,3
pmlb/678_visualizing_environmental,DT_mini,1.124026,20
pmlb/678_visualizing_environmental,DT_large,1.114505,19
pmlb/678_visualizing_environmental,OLS,0.723554,10
pmlb/678_visualizing_environmental,LassoCV,0.716886,4
pmlb/678_visualizing_environmental,RidgeCV,0.723481,9
pmlb/678_visualizing_environmental,RF,0.763936,11
pmlb/678_visualizing_environmental,GBM,0.774095,15
pmlb/678_visualizing_environmental,MLP,1.950534,21
pmlb/678_visualizing_environmental,FIGS_mini,0.768420,14
pmlb/678_visualizing_environmental,FIGS_large,0.861337,17
pmlb/678_visualizing_environmental,RuleFit,0.765729,12
pmlb/678_visualizing_environmental,HSTree_mini,0.794312,16
pmlb/678_visualizing_environmental,HSTree_large,0.766825,13
pmlb/678_visualizing_environmental,EBM,0.722257,6
pmlb/678_visualizing_environmental,TabPFN,0.696306,1
pmlb/678_visualizing_environmental,DecisionTreeSimple,0.867543,18
pmlb/678_visualizing_environmental,SegGAM_ga2m_v8,0.721986,5
pmlb/678_visualizing_environmental,AddGP_v45,0.706295,2
pmlb/678_visualizing_environmental,AddGP_v49,0.723177,8
pmlb/687_sleuth_ex1605,PyGAM,0.634428,2
pmlb/687_sleuth_ex1605,DT_mini,1.301998,19
pmlb/687_sleuth_ex1605,DT_large,1.293277,18
pmlb/687_sleuth_ex1605,OLS,0.714763,3
pmlb/687_sleuth_ex1605,LassoCV,0.740041,6
pmlb/687_sleuth_ex1605,RidgeCV,0.715371,4
pmlb/687_sleuth_ex1605,RF,0.817946,13
pmlb/687_sleuth_ex1605,GBM,0.778104,10
pmlb/687_sleuth_ex1605,MLP,6.260609,21
pmlb/687_sleuth_ex1605,FIGS_mini,1.303150,20
pmlb/687_sleuth_ex1605,FIGS_large,0.939981,15
pmlb/687_sleuth_ex1605,RuleFit,0.933617,14
pmlb/687_sleuth_ex1605,HSTree_mini,1.023766,17
pmlb/687_sleuth_ex1605,HSTree_large,1.017901,16
pmlb/687_sleuth_ex1605,EBM,0.812813,12
pmlb/687_sleuth_ex1605,TabPFN,0.724716,5
pmlb/687_sleuth_ex1605,DecisionTreeSimple,0.769426,7
pmlb/687_sleuth_ex1605,SegGAM_ga2m_v8,0.602069,1
pmlb/687_sleuth_ex1605,AddGP_v45,0.778428,11
pmlb/687_sleuth_ex1605,AddGP_v49,0.776905,9
pmlb/690_visualizing_galaxy,PyGAM,0.187759,9
pmlb/690_visualizing_galaxy,DT_mini,0.228615,15
pmlb/690_visualizing_galaxy,DT_large,0.205362,11
pmlb/690_visualizing_galaxy,OLS,0.325706,20
pmlb/690_visualizing_galaxy,LassoCV,0.325195,18
pmlb/690_visualizing_galaxy,RidgeCV,0.325698,19
pmlb/690_visualizing_galaxy,RF,0.169308,7
pmlb/690_visualizing_galaxy,GBM,0.156938,6
pmlb/690_visualizing_galaxy,MLP,0.236800,16
pmlb/690_visualizing_galaxy,FIGS_mini,0.267711,17
pmlb/690_visualizing_galaxy,FIGS_large,0.221358,12
pmlb/690_visualizing_galaxy,RuleFit,0.331002,21
pmlb/690_visualizing_galaxy,HSTree_mini,0.228477,14
pmlb/690_visualizing_galaxy,HSTree_large,0.202364,10
pmlb/690_visualizing_galaxy,EBM,0.143268,2
pmlb/690_visualizing_galaxy,TabPFN,0.135492,1
pmlb/690_visualizing_galaxy,DecisionTreeSimple,0.225971,13
pmlb/690_visualizing_galaxy,SegGAM_ga2m_v8,0.179558,8
pmlb/690_visualizing_galaxy,AddGP_v45,0.150806,3
pmlb/690_visualizing_galaxy,AddGP_v49,0.153645,5
pmlb/695_chatfield_4,PyGAM,0.449124,10
pmlb/695_chatfield_4,DT_mini,0.500228,15
pmlb/695_chatfield_4,DT_large,0.530415,19
pmlb/695_chatfield_4,OLS,0.310641,1
pmlb/695_chatfield_4,LassoCV,0.329091,3
pmlb/695_chatfield_4,RidgeCV,0.310647,2
pmlb/695_chatfield_4,RF,0.425414,9
pmlb/695_chatfield_4,GBM,0.495889,14
pmlb/695_chatfield_4,MLP,90.814759,21
pmlb/695_chatfield_4,FIGS_mini,0.490207,13
pmlb/695_chatfield_4,FIGS_large,0.524348,18
pmlb/695_chatfield_4,RuleFit,0.463834,11
pmlb/695_chatfield_4,HSTree_mini,0.480301,12
pmlb/695_chatfield_4,HSTree_large,0.507766,16
pmlb/695_chatfield_4,EBM,0.373128,5
pmlb/695_chatfield_4,TabPFN,0.338407,4
pmlb/695_chatfield_4,DecisionTreeSimple,0.522730,17
pmlb/695_chatfield_4,SegGAM_ga2m_v8,0.601701,20
pmlb/695_chatfield_4,AddGP_v45,0.396177,6
pmlb/695_chatfield_4,AddGP_v49,0.401164,8
pmlb/706_sleuth_case1202,PyGAM,0.480743,7
pmlb/706_sleuth_case1202,DT_mini,0.725957,19
pmlb/706_sleuth_case1202,DT_large,0.672393,16
pmlb/706_sleuth_case1202,OLS,0.469165,3
pmlb/706_sleuth_case1202,LassoCV,0.529995,8
pmlb/706_sleuth_case1202,RidgeCV,0.477270,6
pmlb/706_sleuth_case1202,RF,0.620279,12
pmlb/706_sleuth_case1202,GBM,0.642394,13
pmlb/706_sleuth_case1202,MLP,110.719384,21
pmlb/706_sleuth_case1202,FIGS_mini,0.746217,20
pmlb/706_sleuth_case1202,FIGS_large,0.669190,15
pmlb/706_sleuth_case1202,RuleFit,0.653587,14
pmlb/706_sleuth_case1202,HSTree_mini,0.696209,18
pmlb/706_sleuth_case1202,HSTree_large,0.613136,11
pmlb/706_sleuth_case1202,EBM,0.411901,2
pmlb/706_sleuth_case1202,TabPFN,0.394991,1
pmlb/706_sleuth_case1202,DecisionTreeSimple,0.684103,17
pmlb/706_sleuth_case1202,SegGAM_ga2m_v8,0.612298,10
pmlb/706_sleuth_case1202,AddGP_v45,0.600499,9
pmlb/706_sleuth_case1202,AddGP_v49,0.473559,5
pmlb/712_chscase_geyser1,PyGAM,0.433735,3
pmlb/712_chscase_geyser1,DT_mini,0.469457,12
pmlb/712_chscase_geyser1,DT_large,0.562627,19
pmlb/712_chscase_geyser1,OLS,0.455019,9
pmlb/712_chscase_geyser1,LassoCV,0.459117,11
pmlb/712_chscase_geyser1,RidgeCV,0.455899,10
pmlb/712_chscase_geyser1,RF,0.500752,16
pmlb/712_chscase_geyser1,GBM,0.518038,18
pmlb/712_chscase_geyser1,MLP,1.050266,21
pmlb/712_chscase_geyser1,FIGS_mini,0.469809,13
pmlb/712_chscase_geyser1,FIGS_large,0.595886,20
pmlb/712_chscase_geyser1,RuleFit,0.450739,7
pmlb/712_chscase_geyser1,HSTree_mini,0.475975,14
pmlb/712_chscase_geyser1,HSTree_large,0.507100,17
pmlb/712_chscase_geyser1,EBM,0.452303,8
pmlb/712_chscase_geyser1,TabPFN,0.431410,1
pmlb/712_chscase_geyser1,DecisionTreeSimple,0.487433,15
pmlb/712_chscase_geyser1,SegGAM_ga2m_v8,0.441688,6
pmlb/712_chscase_geyser1,AddGP_v45,0.432852,2
pmlb/712_chscase_geyser1,AddGP_v49,0.435756,5
pmlb/banana,PyGAM,0.872003,18
pmlb/banana,DT_mini,0.724701,16
pmlb/banana,DT_large,0.651139,11
pmlb/banana,OLS,1.001266,21
pmlb/banana,LassoCV,1.001252,20
pmlb/banana,RidgeCV,1.001156,19
pmlb/banana,RF,0.613580,6
pmlb/banana,GBM,0.622819,8
pmlb/banana,MLP,0.614289,7
pmlb/banana,FIGS_mini,0.717412,14
pmlb/banana,FIGS_large,0.646004,9
pmlb/banana,RuleFit,0.697727,12
pmlb/banana,HSTree_mini,0.723363,15
pmlb/banana,HSTree_large,0.648593,10
pmlb/banana,EBM,0.591297,5
pmlb/banana,TabPFN,0.541513,1
pmlb/banana,DecisionTreeSimple,0.698278,13
pmlb/banana,SegGAM_ga2m_v8,0.762264,17
pmlb/banana,AddGP_v45,0.590765,4
pmlb/banana,AddGP_v49,0.564777,3
pmlb/titanic,PyGAM,0.859515,11
pmlb/titanic,DT_mini,0.867733,19
pmlb/titanic,DT_large,0.871987,21
pmlb/titanic,OLS,0.860682,13
pmlb/titanic,LassoCV,0.858591,10
pmlb/titanic,RidgeCV,0.860444,12
pmlb/titanic,RF,0.845164,5
pmlb/titanic,GBM,0.835991,1
pmlb/titanic,MLP,0.864460,16
pmlb/titanic,FIGS_mini,0.864706,17
pmlb/titanic,FIGS_large,0.867397,18
pmlb/titanic,RuleFit,0.846370,6
pmlb/titanic,HSTree_mini,0.863481,15
pmlb/titanic,HSTree_large,0.847676,7
pmlb/titanic,EBM,0.841974,4
pmlb/titanic,TabPFN,0.850964,9
pmlb/titanic,DecisionTreeSimple,0.871363,20
pmlb/titanic,SegGAM_ga2m_v8,0.862637,14
pmlb/titanic,AddGP_v45,0.849532,8
pmlb/titanic,AddGP_v49,0.839143,3
