version,commit,model,dataset,rmse,seconds
v1,fbee076,SegGAM_pspline_v1,california,0.921865,0
v1,fbee076,SegGAM_pspline_v1,abalone,0.727718,0
v1,fbee076,SegGAM_pspline_v1,cpu_act,0.415104,0
v1,fbee076,SegGAM_pspline_v1,house_16H,0.822888,0
v1,fbee076,SegGAM_pspline_v1,elevators,0.412999,0
v1,fbee076,SegGAM_pspline_v1,pol,0.611104,0
v1,fbee076,SegGAM_pspline_v1,kin8nm,0.847039,0
v1,fbee076,SegGAM_pspline_v1,pmlb/1027_ESL,0.359993,0
v1,fbee076,SegGAM_pspline_v1,pmlb/1028_SWD,0.807162,0
v1,fbee076,SegGAM_pspline_v1,pmlb/1029_LEV,0.711710,0
v1,fbee076,SegGAM_pspline_v1,pmlb/1030_ERA,0.866854,0
v1,fbee076,SegGAM_pspline_v1,pmlb/1089_USCrime,0.538400,0
v1,fbee076,SegGAM_pspline_v1,pmlb/1096_FacultySalaries,0.673783,0
v1,fbee076,SegGAM_pspline_v1,pmlb/1191_BNG_pbc,0.882307,0
v1,fbee076,SegGAM_pspline_v1,pmlb/1193_BNG_lowbwt,0.667960,0
v1,fbee076,SegGAM_pspline_v1,pmlb/1196_BNG_pharynx,0.763985,0
v1,fbee076,SegGAM_pspline_v1,pmlb/1199_BNG_echoMonths,0.745435,0
v1,fbee076,SegGAM_pspline_v1,pmlb/1201_BNG_breastTumor,0.977930,0
v1,fbee076,SegGAM_pspline_v1,pmlb/1203_BNG_pwLinear,0.705674,0
v1,fbee076,SegGAM_pspline_v1,pmlb/1595_poker,1.011207,0
v1,fbee076,SegGAM_pspline_v1,pmlb/192_vineyard,0.443230,0
v1,fbee076,SegGAM_pspline_v1,pmlb/197_cpu_act,0.415104,0
v1,fbee076,SegGAM_pspline_v1,pmlb/201_pol,0.611104,0
v1,fbee076,SegGAM_pspline_v1,pmlb/210_cloud,0.289204,0
v1,fbee076,SegGAM_pspline_v1,pmlb/215_2dplanes,0.545924,0
v1,fbee076,SegGAM_pspline_v1,pmlb/218_house_8L,0.753150,0
v1,fbee076,SegGAM_pspline_v1,pmlb/225_puma8NH,0.747047,0
v1,fbee076,SegGAM_pspline_v1,pmlb/227_cpu_small,0.369676,0
v1,fbee076,SegGAM_pspline_v1,pmlb/228_elusage,0.468373,0
v1,fbee076,SegGAM_pspline_v1,pmlb/229_pwLinear,0.392099,0
v1,fbee076,SegGAM_pspline_v1,pmlb/230_machine_cpu,0.362317,0
v1,fbee076,SegGAM_pspline_v1,pmlb/294_satellite_image,0.519072,0
v1,fbee076,SegGAM_pspline_v1,pmlb/344_mv,0.433093,0
v1,fbee076,SegGAM_pspline_v1,pmlb/4544_GeographicalOriginalofMusic,0.644807,0
v1,fbee076,SegGAM_pspline_v1,pmlb/485_analcatdata_vehicle,0.793764,0
v1,fbee076,SegGAM_pspline_v1,pmlb/503_wind,0.475644,0
v1,fbee076,SegGAM_pspline_v1,pmlb/505_tecator,0.155928,0
v1,fbee076,SegGAM_pspline_v1,pmlb/519_vinnie,0.525558,0
v1,fbee076,SegGAM_pspline_v1,pmlb/522_pm10,0.938151,0
v1,fbee076,SegGAM_pspline_v1,pmlb/523_analcatdata_neavote,0.205028,0
v1,fbee076,SegGAM_pspline_v1,pmlb/527_analcatdata_election2000,4.434648,0
v1,fbee076,SegGAM_pspline_v1,pmlb/529_pollen,0.461066,0
v1,fbee076,SegGAM_pspline_v1,pmlb/537_houses,0.554976,0
v1,fbee076,SegGAM_pspline_v1,pmlb/542_pollution,1.539529,0
v1,fbee076,SegGAM_pspline_v1,pmlb/547_no2,0.669035,0
v1,fbee076,SegGAM_pspline_v1,pmlb/556_analcatdata_apnea2,1.423182,0
v1,fbee076,SegGAM_pspline_v1,pmlb/557_analcatdata_apnea1,1.327174,0
v1,fbee076,SegGAM_pspline_v1,pmlb/560_bodyfat,0.026321,0
v1,fbee076,SegGAM_pspline_v1,pmlb/561_cpu,0.311252,0
v1,fbee076,SegGAM_pspline_v1,pmlb/562_cpu_small,0.369676,0
v1,fbee076,SegGAM_pspline_v1,pmlb/564_fried,0.345150,0
v1,fbee076,SegGAM_pspline_v1,pmlb/573_cpu_act,0.415104,0
v1,fbee076,SegGAM_pspline_v1,pmlb/574_house_16H,0.844390,0
v1,fbee076,SegGAM_pspline_v1,pmlb/659_sleuth_ex1714,0.599498,0
v1,fbee076,SegGAM_pspline_v1,pmlb/663_rabe_266,0.167920,0
v1,fbee076,SegGAM_pspline_v1,pmlb/665_sleuth_case2002,0.815161,0
v1,fbee076,SegGAM_pspline_v1,pmlb/666_rmftsa_ladata,0.675462,0
v1,fbee076,SegGAM_pspline_v1,pmlb/678_visualizing_environmental,0.730259,0
v1,fbee076,SegGAM_pspline_v1,pmlb/687_sleuth_ex1605,0.898171,0
v1,fbee076,SegGAM_pspline_v1,pmlb/690_visualizing_galaxy,0.194751,0
v1,fbee076,SegGAM_pspline_v1,pmlb/695_chatfield_4,0.659992,0
v1,fbee076,SegGAM_pspline_v1,pmlb/706_sleuth_case1202,0.692885,0
v1,fbee076,SegGAM_pspline_v1,pmlb/712_chscase_geyser1,0.441365,0
v1,fbee076,SegGAM_pspline_v1,pmlb/banana,0.872488,0
v1,fbee076,SegGAM_pspline_v1,pmlb/titanic,0.868100,0
v4,f5068f5,SegGAM_ga2m_v4,california,0.935153,0
v4,f5068f5,SegGAM_ga2m_v4,abalone,0.722672,0
v4,f5068f5,SegGAM_ga2m_v4,cpu_act,0.232393,0
v4,f5068f5,SegGAM_ga2m_v4,house_16H,0.798631,0
v4,f5068f5,SegGAM_ga2m_v4,elevators,0.395736,0
v4,f5068f5,SegGAM_ga2m_v4,pol,0.489935,0
v4,f5068f5,SegGAM_ga2m_v4,kin8nm,0.828804,0
v4,f5068f5,SegGAM_ga2m_v4,pmlb/1027_ESL,0.361242,0
v4,f5068f5,SegGAM_ga2m_v4,pmlb/1028_SWD,0.809456,0
v4,f5068f5,SegGAM_ga2m_v4,pmlb/1029_LEV,0.712670,0
v4,f5068f5,SegGAM_ga2m_v4,pmlb/1030_ERA,0.820734,0
v4,f5068f5,SegGAM_ga2m_v4,pmlb/1089_USCrime,0.333768,0
v4,f5068f5,SegGAM_ga2m_v4,pmlb/1096_FacultySalaries,0.391098,0
v4,f5068f5,SegGAM_ga2m_v4,pmlb/1191_BNG_pbc,0.884455,0
v4,f5068f5,SegGAM_ga2m_v4,pmlb/1193_BNG_lowbwt,0.669222,0
v4,f5068f5,SegGAM_ga2m_v4,pmlb/1196_BNG_pharynx,0.762184,0
v4,f5068f5,SegGAM_ga2m_v4,pmlb/1199_BNG_echoMonths,0.749695,0
v4,f5068f5,SegGAM_ga2m_v4,pmlb/1201_BNG_breastTumor,0.959486,0
v4,f5068f5,SegGAM_ga2m_v4,pmlb/1203_BNG_pwLinear,0.679466,0
v4,f5068f5,SegGAM_ga2m_v4,pmlb/1595_poker,1.011207,0
v4,f5068f5,SegGAM_ga2m_v4,pmlb/192_vineyard,0.439719,0
v4,f5068f5,SegGAM_ga2m_v4,pmlb/197_cpu_act,0.232393,0
v4,f5068f5,SegGAM_ga2m_v4,pmlb/201_pol,0.489935,0
v4,f5068f5,SegGAM_ga2m_v4,pmlb/210_cloud,0.293099,0
v4,f5068f5,SegGAM_ga2m_v4,pmlb/215_2dplanes,0.345220,0
v4,f5068f5,SegGAM_ga2m_v4,pmlb/218_house_8L,0.707157,0
v4,f5068f5,SegGAM_ga2m_v4,pmlb/225_puma8NH,0.672490,0
v4,f5068f5,SegGAM_ga2m_v4,pmlb/227_cpu_small,0.236235,0
v4,f5068f5,SegGAM_ga2m_v4,pmlb/228_elusage,0.504099,0
v4,f5068f5,SegGAM_ga2m_v4,pmlb/229_pwLinear,0.340901,0
v4,f5068f5,SegGAM_ga2m_v4,pmlb/230_machine_cpu,0.459822,0
v4,f5068f5,SegGAM_ga2m_v4,pmlb/294_satellite_image,0.449319,0
v4,f5068f5,SegGAM_ga2m_v4,pmlb/344_mv,0.277913,0
v4,f5068f5,SegGAM_ga2m_v4,pmlb/4544_GeographicalOriginalofMusic,0.635007,0
v4,f5068f5,SegGAM_ga2m_v4,pmlb/485_analcatdata_vehicle,0.793527,0
v4,f5068f5,SegGAM_ga2m_v4,pmlb/503_wind,0.466548,0
v4,f5068f5,SegGAM_ga2m_v4,pmlb/505_tecator,0.118958,0
v4,f5068f5,SegGAM_ga2m_v4,pmlb/519_vinnie,0.530959,0
v4,f5068f5,SegGAM_ga2m_v4,pmlb/522_pm10,0.854756,0
v4,f5068f5,SegGAM_ga2m_v4,pmlb/523_analcatdata_neavote,0.205261,0
v4,f5068f5,SegGAM_ga2m_v4,pmlb/527_analcatdata_election2000,3.443614,0
v4,f5068f5,SegGAM_ga2m_v4,pmlb/529_pollen,0.461841,0
v4,f5068f5,SegGAM_ga2m_v4,pmlb/537_houses,0.542441,0
v4,f5068f5,SegGAM_ga2m_v4,pmlb/542_pollution,1.263786,0
v4,f5068f5,SegGAM_ga2m_v4,pmlb/547_no2,0.677913,0
v4,f5068f5,SegGAM_ga2m_v4,pmlb/556_analcatdata_apnea2,1.423182,0
v4,f5068f5,SegGAM_ga2m_v4,pmlb/557_analcatdata_apnea1,1.327174,0
v4,f5068f5,SegGAM_ga2m_v4,pmlb/560_bodyfat,0.089001,0
v4,f5068f5,SegGAM_ga2m_v4,pmlb/561_cpu,0.330828,0
v4,f5068f5,SegGAM_ga2m_v4,pmlb/562_cpu_small,0.236235,0
v4,f5068f5,SegGAM_ga2m_v4,pmlb/564_fried,0.295736,0
v4,f5068f5,SegGAM_ga2m_v4,pmlb/573_cpu_act,0.232393,0
v4,f5068f5,SegGAM_ga2m_v4,pmlb/574_house_16H,0.850105,0
v4,f5068f5,SegGAM_ga2m_v4,pmlb/659_sleuth_ex1714,0.533282,0
v4,f5068f5,SegGAM_ga2m_v4,pmlb/663_rabe_266,0.138907,0
v4,f5068f5,SegGAM_ga2m_v4,pmlb/665_sleuth_case2002,0.842150,0
v4,f5068f5,SegGAM_ga2m_v4,pmlb/666_rmftsa_ladata,0.652401,0
v4,f5068f5,SegGAM_ga2m_v4,pmlb/678_visualizing_environmental,0.721986,0
v4,f5068f5,SegGAM_ga2m_v4,pmlb/687_sleuth_ex1605,0.696108,0
v4,f5068f5,SegGAM_ga2m_v4,pmlb/690_visualizing_galaxy,0.186165,0
v4,f5068f5,SegGAM_ga2m_v4,pmlb/695_chatfield_4,0.666234,0
v4,f5068f5,SegGAM_ga2m_v4,pmlb/706_sleuth_case1202,0.611627,0
v4,f5068f5,SegGAM_ga2m_v4,pmlb/712_chscase_geyser1,0.441688,0
v4,f5068f5,SegGAM_ga2m_v4,pmlb/banana,0.762407,0
v4,f5068f5,SegGAM_ga2m_v4,pmlb/titanic,0.864836,0
v8,a7c5ecf,SegGAM_ga2m_v8,california,0.671350,0
v8,a7c5ecf,SegGAM_ga2m_v8,abalone,0.715632,0
v8,a7c5ecf,SegGAM_ga2m_v8,cpu_act,0.194317,0
v8,a7c5ecf,SegGAM_ga2m_v8,house_16H,0.800271,0
v8,a7c5ecf,SegGAM_ga2m_v8,elevators,0.396490,0
v8,a7c5ecf,SegGAM_ga2m_v8,pol,0.388091,0
v8,a7c5ecf,SegGAM_ga2m_v8,kin8nm,0.828388,0
v8,a7c5ecf,SegGAM_ga2m_v8,pmlb/1027_ESL,0.361403,0
v8,a7c5ecf,SegGAM_ga2m_v8,pmlb/1028_SWD,0.809480,0
v8,a7c5ecf,SegGAM_ga2m_v8,pmlb/1029_LEV,0.712670,0
v8,a7c5ecf,SegGAM_ga2m_v8,pmlb/1030_ERA,0.819571,0
v8,a7c5ecf,SegGAM_ga2m_v8,pmlb/1089_USCrime,0.333768,0
v8,a7c5ecf,SegGAM_ga2m_v8,pmlb/1096_FacultySalaries,0.391098,0
v8,a7c5ecf,SegGAM_ga2m_v8,pmlb/1191_BNG_pbc,0.884378,0
v8,a7c5ecf,SegGAM_ga2m_v8,pmlb/1193_BNG_lowbwt,0.669222,0
v8,a7c5ecf,SegGAM_ga2m_v8,pmlb/1196_BNG_pharynx,0.762125,0
v8,a7c5ecf,SegGAM_ga2m_v8,pmlb/1199_BNG_echoMonths,0.749261,0
v8,a7c5ecf,SegGAM_ga2m_v8,pmlb/1201_BNG_breastTumor,0.957013,0
v8,a7c5ecf,SegGAM_ga2m_v8,pmlb/1203_BNG_pwLinear,0.679227,0
v8,a7c5ecf,SegGAM_ga2m_v8,pmlb/1595_poker,1.011207,0
v8,a7c5ecf,SegGAM_ga2m_v8,pmlb/192_vineyard,0.482043,0
v8,a7c5ecf,SegGAM_ga2m_v8,pmlb/197_cpu_act,0.194317,0
v8,a7c5ecf,SegGAM_ga2m_v8,pmlb/201_pol,0.388091,0
v8,a7c5ecf,SegGAM_ga2m_v8,pmlb/210_cloud,0.272419,0
v8,a7c5ecf,SegGAM_ga2m_v8,pmlb/215_2dplanes,0.296061,0
v8,a7c5ecf,SegGAM_ga2m_v8,pmlb/218_house_8L,0.708020,0
v8,a7c5ecf,SegGAM_ga2m_v8,pmlb/225_puma8NH,0.667757,0
v8,a7c5ecf,SegGAM_ga2m_v8,pmlb/227_cpu_small,0.225792,0
v8,a7c5ecf,SegGAM_ga2m_v8,pmlb/228_elusage,0.504099,0
v8,a7c5ecf,SegGAM_ga2m_v8,pmlb/229_pwLinear,0.307898,0
v8,a7c5ecf,SegGAM_ga2m_v8,pmlb/230_machine_cpu,0.386476,0
v8,a7c5ecf,SegGAM_ga2m_v8,pmlb/294_satellite_image,0.443584,0
v8,a7c5ecf,SegGAM_ga2m_v8,pmlb/344_mv,0.120405,0
v8,a7c5ecf,SegGAM_ga2m_v8,pmlb/4544_GeographicalOriginalofMusic,0.635007,0
v8,a7c5ecf,SegGAM_ga2m_v8,pmlb/485_analcatdata_vehicle,0.793542,0
v8,a7c5ecf,SegGAM_ga2m_v8,pmlb/503_wind,0.466548,0
v8,a7c5ecf,SegGAM_ga2m_v8,pmlb/505_tecator,0.118958,0
v8,a7c5ecf,SegGAM_ga2m_v8,pmlb/519_vinnie,0.530918,0
v8,a7c5ecf,SegGAM_ga2m_v8,pmlb/522_pm10,0.913305,0
v8,a7c5ecf,SegGAM_ga2m_v8,pmlb/523_analcatdata_neavote,0.205261,0
v8,a7c5ecf,SegGAM_ga2m_v8,pmlb/527_analcatdata_election2000,0.805277,0
v8,a7c5ecf,SegGAM_ga2m_v8,pmlb/529_pollen,0.461841,0
v8,a7c5ecf,SegGAM_ga2m_v8,pmlb/537_houses,0.538214,0
v8,a7c5ecf,SegGAM_ga2m_v8,pmlb/542_pollution,1.006983,0
v8,a7c5ecf,SegGAM_ga2m_v8,pmlb/547_no2,0.681260,0
v8,a7c5ecf,SegGAM_ga2m_v8,pmlb/556_analcatdata_apnea2,1.423182,0
v8,a7c5ecf,SegGAM_ga2m_v8,pmlb/557_analcatdata_apnea1,1.327174,0
v8,a7c5ecf,SegGAM_ga2m_v8,pmlb/560_bodyfat,0.111088,0
v8,a7c5ecf,SegGAM_ga2m_v8,pmlb/561_cpu,0.309302,0
v8,a7c5ecf,SegGAM_ga2m_v8,pmlb/562_cpu_small,0.225792,0
v8,a7c5ecf,SegGAM_ga2m_v8,pmlb/564_fried,0.293767,0
v8,a7c5ecf,SegGAM_ga2m_v8,pmlb/573_cpu_act,0.194317,0
v8,a7c5ecf,SegGAM_ga2m_v8,pmlb/574_house_16H,0.847952,0
v8,a7c5ecf,SegGAM_ga2m_v8,pmlb/659_sleuth_ex1714,0.533282,0
v8,a7c5ecf,SegGAM_ga2m_v8,pmlb/663_rabe_266,0.101333,0
v8,a7c5ecf,SegGAM_ga2m_v8,pmlb/665_sleuth_case2002,0.892758,0
v8,a7c5ecf,SegGAM_ga2m_v8,pmlb/666_rmftsa_ladata,0.652401,0
v8,a7c5ecf,SegGAM_ga2m_v8,pmlb/678_visualizing_environmental,0.721986,0
v8,a7c5ecf,SegGAM_ga2m_v8,pmlb/687_sleuth_ex1605,0.602069,0
v8,a7c5ecf,SegGAM_ga2m_v8,pmlb/690_visualizing_galaxy,0.179558,0
v8,a7c5ecf,SegGAM_ga2m_v8,pmlb/695_chatfield_4,0.601701,0
v8,a7c5ecf,SegGAM_ga2m_v8,pmlb/706_sleuth_case1202,0.612298,0
v8,a7c5ecf,SegGAM_ga2m_v8,pmlb/712_chscase_geyser1,0.441688,0
v8,a7c5ecf,SegGAM_ga2m_v8,pmlb/banana,0.762264,0
v8,a7c5ecf,SegGAM_ga2m_v8,pmlb/titanic,0.862637,0
v10,2670bfb,GA2MBoost_v10,california,0.690677,0
v10,2670bfb,GA2MBoost_v10,abalone,0.737262,0
v10,2670bfb,GA2MBoost_v10,cpu_act,0.189450,0
v10,2670bfb,GA2MBoost_v10,house_16H,0.848281,0
v10,2670bfb,GA2MBoost_v10,elevators,0.400534,0
v10,2670bfb,GA2MBoost_v10,pol,0.372262,0
v10,2670bfb,GA2MBoost_v10,kin8nm,0.796170,0
v10,2670bfb,GA2MBoost_v10,pmlb/1027_ESL,0.353849,0
v10,2670bfb,GA2MBoost_v10,pmlb/1028_SWD,0.810326,0
v10,2670bfb,GA2MBoost_v10,pmlb/1029_LEV,0.713981,0
v10,2670bfb,GA2MBoost_v10,pmlb/1030_ERA,0.820491,0
v10,2670bfb,GA2MBoost_v10,pmlb/1089_USCrime,0.359627,0
v10,2670bfb,GA2MBoost_v10,pmlb/1096_FacultySalaries,0.503263,0
v10,2670bfb,GA2MBoost_v10,pmlb/1191_BNG_pbc,0.909990,0
v10,2670bfb,GA2MBoost_v10,pmlb/1193_BNG_lowbwt,0.667341,0
v10,2670bfb,GA2MBoost_v10,pmlb/1196_BNG_pharynx,0.744440,0
v10,2670bfb,GA2MBoost_v10,pmlb/1199_BNG_echoMonths,0.780889,0
v10,2670bfb,GA2MBoost_v10,pmlb/1201_BNG_breastTumor,0.961229,0
v10,2670bfb,GA2MBoost_v10,pmlb/1203_BNG_pwLinear,0.657880,0
v10,2670bfb,GA2MBoost_v10,pmlb/1595_poker,1.011207,0
v10,2670bfb,GA2MBoost_v10,pmlb/192_vineyard,0.451020,0
v10,2670bfb,GA2MBoost_v10,pmlb/197_cpu_act,0.189450,0
v10,2670bfb,GA2MBoost_v10,pmlb/201_pol,0.372262,0
v10,2670bfb,GA2MBoost_v10,pmlb/210_cloud,0.294741,0
v10,2670bfb,GA2MBoost_v10,pmlb/215_2dplanes,0.235069,0
v10,2670bfb,GA2MBoost_v10,pmlb/218_house_8L,0.730785,0
v10,2670bfb,GA2MBoost_v10,pmlb/225_puma8NH,0.637608,0
v10,2670bfb,GA2MBoost_v10,pmlb/227_cpu_small,0.216504,0
v10,2670bfb,GA2MBoost_v10,pmlb/228_elusage,0.471102,0
v10,2670bfb,GA2MBoost_v10,pmlb/229_pwLinear,0.320287,0
v10,2670bfb,GA2MBoost_v10,pmlb/230_machine_cpu,0.426018,0
v10,2670bfb,GA2MBoost_v10,pmlb/294_satellite_image,0.441634,0
v10,2670bfb,GA2MBoost_v10,pmlb/344_mv,0.161518,0
v10,2670bfb,GA2MBoost_v10,pmlb/4544_GeographicalOriginalofMusic,0.811200,0
v10,2670bfb,GA2MBoost_v10,pmlb/485_analcatdata_vehicle,0.793850,0
v10,2670bfb,GA2MBoost_v10,pmlb/503_wind,0.540821,0
v10,2670bfb,GA2MBoost_v10,pmlb/505_tecator,0.642398,0
v10,2670bfb,GA2MBoost_v10,pmlb/519_vinnie,0.521482,0
v10,2670bfb,GA2MBoost_v10,pmlb/522_pm10,0.906717,0
v10,2670bfb,GA2MBoost_v10,pmlb/523_analcatdata_neavote,0.204046,0
v10,2670bfb,GA2MBoost_v10,pmlb/527_analcatdata_election2000,1.196206,0
v10,2670bfb,GA2MBoost_v10,pmlb/529_pollen,0.494210,0
v10,2670bfb,GA2MBoost_v10,pmlb/537_houses,0.556938,0
v10,2670bfb,GA2MBoost_v10,pmlb/542_pollution,0.994070,0
v10,2670bfb,GA2MBoost_v10,pmlb/547_no2,0.676386,0
v10,2670bfb,GA2MBoost_v10,pmlb/556_analcatdata_apnea2,1.423182,0
v10,2670bfb,GA2MBoost_v10,pmlb/557_analcatdata_apnea1,1.327174,0
v10,2670bfb,GA2MBoost_v10,pmlb/560_bodyfat,0.053893,0
v10,2670bfb,GA2MBoost_v10,pmlb/561_cpu,0.555509,0
v10,2670bfb,GA2MBoost_v10,pmlb/562_cpu_small,0.216504,0
v10,2670bfb,GA2MBoost_v10,pmlb/564_fried,0.266625,0
v10,2670bfb,GA2MBoost_v10,pmlb/573_cpu_act,0.189450,0
v10,2670bfb,GA2MBoost_v10,pmlb/574_house_16H,0.941271,0
v10,2670bfb,GA2MBoost_v10,pmlb/659_sleuth_ex1714,0.518197,0
v10,2670bfb,GA2MBoost_v10,pmlb/663_rabe_266,0.078719,0
v10,2670bfb,GA2MBoost_v10,pmlb/665_sleuth_case2002,0.897944,0
v10,2670bfb,GA2MBoost_v10,pmlb/666_rmftsa_ladata,1.177673,0
v10,2670bfb,GA2MBoost_v10,pmlb/678_visualizing_environmental,0.733610,0
v10,2670bfb,GA2MBoost_v10,pmlb/687_sleuth_ex1605,0.618579,0
v10,2670bfb,GA2MBoost_v10,pmlb/690_visualizing_galaxy,0.205352,0
v10,2670bfb,GA2MBoost_v10,pmlb/695_chatfield_4,0.472892,0
v10,2670bfb,GA2MBoost_v10,pmlb/706_sleuth_case1202,0.575490,0
v10,2670bfb,GA2MBoost_v10,pmlb/712_chscase_geyser1,0.437430,0
v10,2670bfb,GA2MBoost_v10,pmlb/banana,0.635612,0
v10,2670bfb,GA2MBoost_v10,pmlb/titanic,0.852342,0
v18,ac24544,GA2MBoost_v18,california,0.670674,0
v18,ac24544,GA2MBoost_v18,abalone,0.710588,0
v18,ac24544,GA2MBoost_v18,cpu_act,0.212921,0
v18,ac24544,GA2MBoost_v18,house_16H,0.791039,0
v18,ac24544,GA2MBoost_v18,elevators,0.400768,1
v18,ac24544,GA2MBoost_v18,pol,0.358866,1
v18,ac24544,GA2MBoost_v18,kin8nm,0.771842,0
v18,ac24544,GA2MBoost_v18,pmlb/1027_ESL,0.358956,0
v18,ac24544,GA2MBoost_v18,pmlb/1028_SWD,0.809101,0
v18,ac24544,GA2MBoost_v18,pmlb/1029_LEV,0.713002,0
v18,ac24544,GA2MBoost_v18,pmlb/1030_ERA,0.820859,0
v18,ac24544,GA2MBoost_v18,pmlb/1089_USCrime,0.359627,0
v18,ac24544,GA2MBoost_v18,pmlb/1096_FacultySalaries,0.503263,0
v18,ac24544,GA2MBoost_v18,pmlb/1191_BNG_pbc,0.892031,1
v18,ac24544,GA2MBoost_v18,pmlb/1193_BNG_lowbwt,0.658968,0
v18,ac24544,GA2MBoost_v18,pmlb/1196_BNG_pharynx,0.753753,0
v18,ac24544,GA2MBoost_v18,pmlb/1199_BNG_echoMonths,0.766892,0
v18,ac24544,GA2MBoost_v18,pmlb/1201_BNG_breastTumor,0.945347,0
v18,ac24544,GA2MBoost_v18,pmlb/1203_BNG_pwLinear,0.660779,0
v18,ac24544,GA2MBoost_v18,pmlb/1595_poker,0.996413,0
v18,ac24544,GA2MBoost_v18,pmlb/192_vineyard,0.451020,0
v18,ac24544,GA2MBoost_v18,pmlb/197_cpu_act,0.212921,0
v18,ac24544,GA2MBoost_v18,pmlb/201_pol,0.358866,1
v18,ac24544,GA2MBoost_v18,pmlb/210_cloud,0.255660,0
v18,ac24544,GA2MBoost_v18,pmlb/215_2dplanes,0.232076,0
v18,ac24544,GA2MBoost_v18,pmlb/218_house_8L,0.694366,0
v18,ac24544,GA2MBoost_v18,pmlb/225_puma8NH,0.616619,0
v18,ac24544,GA2MBoost_v18,pmlb/227_cpu_small,0.214738,0
v18,ac24544,GA2MBoost_v18,pmlb/228_elusage,0.471102,0
v18,ac24544,GA2MBoost_v18,pmlb/229_pwLinear,0.325019,0
v18,ac24544,GA2MBoost_v18,pmlb/230_machine_cpu,0.822264,0
v18,ac24544,GA2MBoost_v18,pmlb/294_satellite_image,0.439005,1
v18,ac24544,GA2MBoost_v18,pmlb/344_mv,0.054987,0
v18,ac24544,GA2MBoost_v18,pmlb/4544_GeographicalOriginalofMusic,0.659665,1
v18,ac24544,GA2MBoost_v18,pmlb/485_analcatdata_vehicle,0.793850,0
v18,ac24544,GA2MBoost_v18,pmlb/503_wind,0.487148,1
v18,ac24544,GA2MBoost_v18,pmlb/505_tecator,0.120022,1
v18,ac24544,GA2MBoost_v18,pmlb/519_vinnie,0.526444,0
v18,ac24544,GA2MBoost_v18,pmlb/522_pm10,0.835183,0
v18,ac24544,GA2MBoost_v18,pmlb/523_analcatdata_neavote,0.205146,0
v18,ac24544,GA2MBoost_v18,pmlb/527_analcatdata_election2000,1.062480,0
v18,ac24544,GA2MBoost_v18,pmlb/529_pollen,0.469975,0
v18,ac24544,GA2MBoost_v18,pmlb/537_houses,0.526448,0
v18,ac24544,GA2MBoost_v18,pmlb/542_pollution,0.994070,0
v18,ac24544,GA2MBoost_v18,pmlb/547_no2,0.672994,0
v18,ac24544,GA2MBoost_v18,pmlb/556_analcatdata_apnea2,0.484270,0
v18,ac24544,GA2MBoost_v18,pmlb/557_analcatdata_apnea1,0.401437,0
v18,ac24544,GA2MBoost_v18,pmlb/560_bodyfat,0.044492,0
v18,ac24544,GA2MBoost_v18,pmlb/561_cpu,0.498998,0
v18,ac24544,GA2MBoost_v18,pmlb/562_cpu_small,0.214738,0
v18,ac24544,GA2MBoost_v18,pmlb/564_fried,0.242612,0
v18,ac24544,GA2MBoost_v18,pmlb/573_cpu_act,0.212921,0
v18,ac24544,GA2MBoost_v18,pmlb/574_house_16H,0.824967,0
v18,ac24544,GA2MBoost_v18,pmlb/659_sleuth_ex1714,0.518197,0
v18,ac24544,GA2MBoost_v18,pmlb/663_rabe_266,0.075484,0
v18,ac24544,GA2MBoost_v18,pmlb/665_sleuth_case2002,0.865040,0
v18,ac24544,GA2MBoost_v18,pmlb/666_rmftsa_ladata,0.710474,0
v18,ac24544,GA2MBoost_v18,pmlb/678_visualizing_environmental,0.684849,0
v18,ac24544,GA2MBoost_v18,pmlb/687_sleuth_ex1605,0.618579,0
v18,ac24544,GA2MBoost_v18,pmlb/690_visualizing_galaxy,0.157784,0
v18,ac24544,GA2MBoost_v18,pmlb/695_chatfield_4,0.468411,0
v18,ac24544,GA2MBoost_v18,pmlb/706_sleuth_case1202,0.532983,0
v18,ac24544,GA2MBoost_v18,pmlb/712_chscase_geyser1,0.436538,0
v18,ac24544,GA2MBoost_v18,pmlb/banana,0.613887,0
v18,ac24544,GA2MBoost_v18,pmlb/titanic,0.851070,0
v24,5078a51,GA2MBoost_v24,california,0.669642,0
v24,5078a51,GA2MBoost_v24,abalone,0.710588,1
v24,5078a51,GA2MBoost_v24,cpu_act,0.207699,1
v24,5078a51,GA2MBoost_v24,house_16H,0.791039,1
v24,5078a51,GA2MBoost_v24,elevators,0.400314,1
v24,5078a51,GA2MBoost_v24,pol,0.348495,2
v24,5078a51,GA2MBoost_v24,kin8nm,0.771842,0
v24,5078a51,GA2MBoost_v24,pmlb/1027_ESL,0.368955,0
v24,5078a51,GA2MBoost_v24,pmlb/1028_SWD,0.808199,0
v24,5078a51,GA2MBoost_v24,pmlb/1029_LEV,0.713002,0
v24,5078a51,GA2MBoost_v24,pmlb/1030_ERA,0.820859,0
v24,5078a51,GA2MBoost_v24,pmlb/1089_USCrime,0.359627,0
v24,5078a51,GA2MBoost_v24,pmlb/1096_FacultySalaries,0.503263,0
v24,5078a51,GA2MBoost_v24,pmlb/1191_BNG_pbc,0.892649,1
v24,5078a51,GA2MBoost_v24,pmlb/1193_BNG_lowbwt,0.658935,0
v24,5078a51,GA2MBoost_v24,pmlb/1196_BNG_pharynx,0.754021,0
v24,5078a51,GA2MBoost_v24,pmlb/1199_BNG_echoMonths,0.766892,1
v24,5078a51,GA2MBoost_v24,pmlb/1201_BNG_breastTumor,0.945347,0
v24,5078a51,GA2MBoost_v24,pmlb/1203_BNG_pwLinear,0.657378,0
v24,5078a51,GA2MBoost_v24,pmlb/1595_poker,0.996413,0
v24,5078a51,GA2MBoost_v24,pmlb/192_vineyard,0.451020,0
v24,5078a51,GA2MBoost_v24,pmlb/197_cpu_act,0.207699,1
v24,5078a51,GA2MBoost_v24,pmlb/201_pol,0.348495,2
v24,5078a51,GA2MBoost_v24,pmlb/210_cloud,0.255660,0
v24,5078a51,GA2MBoost_v24,pmlb/215_2dplanes,0.232076,0
v24,5078a51,GA2MBoost_v24,pmlb/218_house_8L,0.702143,0
v24,5078a51,GA2MBoost_v24,pmlb/225_puma8NH,0.616619,0
v24,5078a51,GA2MBoost_v24,pmlb/227_cpu_small,0.214738,1
v24,5078a51,GA2MBoost_v24,pmlb/228_elusage,0.471102,0
v24,5078a51,GA2MBoost_v24,pmlb/229_pwLinear,0.333352,0
v24,5078a51,GA2MBoost_v24,pmlb/230_machine_cpu,0.822264,0
v24,5078a51,GA2MBoost_v24,pmlb/294_satellite_image,0.439005,1
v24,5078a51,GA2MBoost_v24,pmlb/344_mv,0.051786,1
v24,5078a51,GA2MBoost_v24,pmlb/4544_GeographicalOriginalofMusic,0.674527,2
v24,5078a51,GA2MBoost_v24,pmlb/485_analcatdata_vehicle,0.793850,0
v24,5078a51,GA2MBoost_v24,pmlb/503_wind,0.490121,1
v24,5078a51,GA2MBoost_v24,pmlb/505_tecator,0.120400,2
v24,5078a51,GA2MBoost_v24,pmlb/519_vinnie,0.541383,0
v24,5078a51,GA2MBoost_v24,pmlb/522_pm10,0.840872,0
v24,5078a51,GA2MBoost_v24,pmlb/523_analcatdata_neavote,0.205487,0
v24,5078a51,GA2MBoost_v24,pmlb/527_analcatdata_election2000,1.062480,0
v24,5078a51,GA2MBoost_v24,pmlb/529_pollen,0.472494,0
v24,5078a51,GA2MBoost_v24,pmlb/537_houses,0.526419,0
v24,5078a51,GA2MBoost_v24,pmlb/542_pollution,0.994070,0
v24,5078a51,GA2MBoost_v24,pmlb/547_no2,0.674558,0
v24,5078a51,GA2MBoost_v24,pmlb/556_analcatdata_apnea2,0.433560,0
v24,5078a51,GA2MBoost_v24,pmlb/557_analcatdata_apnea1,0.401437,0
v24,5078a51,GA2MBoost_v24,pmlb/560_bodyfat,0.044649,0
v24,5078a51,GA2MBoost_v24,pmlb/561_cpu,0.488232,0
v24,5078a51,GA2MBoost_v24,pmlb/562_cpu_small,0.214738,1
v24,5078a51,GA2MBoost_v24,pmlb/564_fried,0.238316,0
v24,5078a51,GA2MBoost_v24,pmlb/573_cpu_act,0.207699,1
v24,5078a51,GA2MBoost_v24,pmlb/574_house_16H,0.824967,1
v24,5078a51,GA2MBoost_v24,pmlb/659_sleuth_ex1714,0.518197,0
v24,5078a51,GA2MBoost_v24,pmlb/663_rabe_266,0.074668,0
v24,5078a51,GA2MBoost_v24,pmlb/665_sleuth_case2002,0.864761,0
v24,5078a51,GA2MBoost_v24,pmlb/666_rmftsa_ladata,0.712289,0
v24,5078a51,GA2MBoost_v24,pmlb/678_visualizing_environmental,0.703890,0
v24,5078a51,GA2MBoost_v24,pmlb/687_sleuth_ex1605,0.618579,0
v24,5078a51,GA2MBoost_v24,pmlb/690_visualizing_galaxy,0.153683,0
v24,5078a51,GA2MBoost_v24,pmlb/695_chatfield_4,0.474094,0
v24,5078a51,GA2MBoost_v24,pmlb/706_sleuth_case1202,0.532983,0
v24,5078a51,GA2MBoost_v24,pmlb/712_chscase_geyser1,0.442721,0
v24,5078a51,GA2MBoost_v24,pmlb/banana,0.608989,0
v24,5078a51,GA2MBoost_v24,pmlb/titanic,0.848492,0
v31,16e8a4d,GA2MBoost_v31,california,0.657099,3
v31,16e8a4d,GA2MBoost_v31,abalone,0.706392,4
v31,16e8a4d,GA2MBoost_v31,cpu_act,0.187480,7
v31,16e8a4d,GA2MBoost_v31,house_16H,0.782283,5
v31,16e8a4d,GA2MBoost_v31,elevators,0.389909,8
v31,16e8a4d,GA2MBoost_v31,pol,0.321258,14
v31,16e8a4d,GA2MBoost_v31,kin8nm,0.739114,2
v31,16e8a4d,GA2MBoost_v31,pmlb/1027_ESL,0.355005,1
v31,16e8a4d,GA2MBoost_v31,pmlb/1028_SWD,0.800862,3
v31,16e8a4d,GA2MBoost_v31,pmlb/1029_LEV,0.711177,1
v31,16e8a4d,GA2MBoost_v31,pmlb/1030_ERA,0.810693,1
v31,16e8a4d,GA2MBoost_v31,pmlb/1089_USCrime,0.353403,1
v31,16e8a4d,GA2MBoost_v31,pmlb/1096_FacultySalaries,0.516217,0
v31,16e8a4d,GA2MBoost_v31,pmlb/1191_BNG_pbc,0.856858,9
v31,16e8a4d,GA2MBoost_v31,pmlb/1193_BNG_lowbwt,0.654922,3
v31,16e8a4d,GA2MBoost_v31,pmlb/1196_BNG_pharynx,0.734036,3
v31,16e8a4d,GA2MBoost_v31,pmlb/1199_BNG_echoMonths,0.743189,4
v31,16e8a4d,GA2MBoost_v31,pmlb/1201_BNG_breastTumor,0.936544,3
v31,16e8a4d,GA2MBoost_v31,pmlb/1203_BNG_pwLinear,0.652344,2
v31,16e8a4d,GA2MBoost_v31,pmlb/1595_poker,0.953632,2
v31,16e8a4d,GA2MBoost_v31,pmlb/192_vineyard,0.453760,0
v31,16e8a4d,GA2MBoost_v31,pmlb/197_cpu_act,0.187480,7
v31,16e8a4d,GA2MBoost_v31,pmlb/201_pol,0.321258,16
v31,16e8a4d,GA2MBoost_v31,pmlb/210_cloud,0.254794,2
v31,16e8a4d,GA2MBoost_v31,pmlb/215_2dplanes,0.226634,2
v31,16e8a4d,GA2MBoost_v31,pmlb/218_house_8L,0.707052,4
v31,16e8a4d,GA2MBoost_v31,pmlb/225_puma8NH,0.603958,3
v31,16e8a4d,GA2MBoost_v31,pmlb/227_cpu_small,0.194004,5
v31,16e8a4d,GA2MBoost_v31,pmlb/228_elusage,0.471296,0
v31,16e8a4d,GA2MBoost_v31,pmlb/229_pwLinear,0.308791,2
v31,16e8a4d,GA2MBoost_v31,pmlb/230_machine_cpu,0.443700,2
v31,16e8a4d,GA2MBoost_v31,pmlb/294_satellite_image,0.420779,12
v31,16e8a4d,GA2MBoost_v31,pmlb/344_mv,0.040826,6
v31,16e8a4d,GA2MBoost_v31,pmlb/4544_GeographicalOriginalofMusic,0.629200,16
v31,16e8a4d,GA2MBoost_v31,pmlb/485_analcatdata_vehicle,0.793850,0
v31,16e8a4d,GA2MBoost_v31,pmlb/503_wind,0.476670,8
v31,16e8a4d,GA2MBoost_v31,pmlb/505_tecator,0.124324,12
v31,16e8a4d,GA2MBoost_v31,pmlb/519_vinnie,0.546877,0
v31,16e8a4d,GA2MBoost_v31,pmlb/522_pm10,0.815714,3
v31,16e8a4d,GA2MBoost_v31,pmlb/523_analcatdata_neavote,0.209162,0
v31,16e8a4d,GA2MBoost_v31,pmlb/527_analcatdata_election2000,1.074028,1
v31,16e8a4d,GA2MBoost_v31,pmlb/529_pollen,0.468342,1
v31,16e8a4d,GA2MBoost_v31,pmlb/537_houses,0.507576,3
v31,16e8a4d,GA2MBoost_v31,pmlb/542_pollution,1.019875,1
v31,16e8a4d,GA2MBoost_v31,pmlb/547_no2,0.647264,3
v31,16e8a4d,GA2MBoost_v31,pmlb/556_analcatdata_apnea2,0.432849,1
v31,16e8a4d,GA2MBoost_v31,pmlb/557_analcatdata_apnea1,0.363677,1
v31,16e8a4d,GA2MBoost_v31,pmlb/560_bodyfat,0.037924,3
v31,16e8a4d,GA2MBoost_v31,pmlb/561_cpu,0.394005,2
v31,16e8a4d,GA2MBoost_v31,pmlb/562_cpu_small,0.194004,4
v31,16e8a4d,GA2MBoost_v31,pmlb/564_fried,0.230860,3
v31,16e8a4d,GA2MBoost_v31,pmlb/573_cpu_act,0.187480,7
v31,16e8a4d,GA2MBoost_v31,pmlb/574_house_16H,0.811176,6
v31,16e8a4d,GA2MBoost_v31,pmlb/659_sleuth_ex1714,0.518197,1
v31,16e8a4d,GA2MBoost_v31,pmlb/663_rabe_266,0.074015,0
v31,16e8a4d,GA2MBoost_v31,pmlb/665_sleuth_case2002,0.862944,1
v31,16e8a4d,GA2MBoost_v31,pmlb/666_rmftsa_ladata,0.662442,3
v31,16e8a4d,GA2MBoost_v31,pmlb/678_visualizing_environmental,0.693993,1
v31,16e8a4d,GA2MBoost_v31,pmlb/687_sleuth_ex1605,0.623646,0
v31,16e8a4d,GA2MBoost_v31,pmlb/690_visualizing_galaxy,0.152799,1
v31,16e8a4d,GA2MBoost_v31,pmlb/695_chatfield_4,0.399555,3
v31,16e8a4d,GA2MBoost_v31,pmlb/706_sleuth_case1202,0.532983,0
v31,16e8a4d,GA2MBoost_v31,pmlb/712_chscase_geyser1,0.438228,0
v31,16e8a4d,GA2MBoost_v31,pmlb/banana,0.605131,0
v31,16e8a4d,GA2MBoost_v31,pmlb/titanic,0.838978,4
v33,90e2552,GA2MBoost_v33,california,0.657717,3
v33,90e2552,GA2MBoost_v33,abalone,0.706453,5
v33,90e2552,GA2MBoost_v33,cpu_act,0.188806,7
v33,90e2552,GA2MBoost_v33,house_16H,0.802155,5
v33,90e2552,GA2MBoost_v33,elevators,0.395275,8
v33,90e2552,GA2MBoost_v33,pol,0.340801,14
v33,90e2552,GA2MBoost_v33,kin8nm,0.744923,2
v33,90e2552,GA2MBoost_v33,pmlb/1027_ESL,0.357082,1
v33,90e2552,GA2MBoost_v33,pmlb/1028_SWD,0.801623,3
v33,90e2552,GA2MBoost_v33,pmlb/1029_LEV,0.711674,1
v33,90e2552,GA2MBoost_v33,pmlb/1030_ERA,0.810449,1
v33,90e2552,GA2MBoost_v33,pmlb/1089_USCrime,0.353403,1
v33,90e2552,GA2MBoost_v33,pmlb/1096_FacultySalaries,0.516217,0
v33,90e2552,GA2MBoost_v33,pmlb/1191_BNG_pbc,0.856167,9
v33,90e2552,GA2MBoost_v33,pmlb/1193_BNG_lowbwt,0.655247,3
v33,90e2552,GA2MBoost_v33,pmlb/1196_BNG_pharynx,0.733954,3
v33,90e2552,GA2MBoost_v33,pmlb/1199_BNG_echoMonths,0.745536,4
v33,90e2552,GA2MBoost_v33,pmlb/1201_BNG_breastTumor,0.936694,3
v33,90e2552,GA2MBoost_v33,pmlb/1203_BNG_pwLinear,0.652578,2
v33,90e2552,GA2MBoost_v33,pmlb/1595_poker,0.954333,2
v33,90e2552,GA2MBoost_v33,pmlb/192_vineyard,0.453760,0
v33,90e2552,GA2MBoost_v33,pmlb/197_cpu_act,0.188806,7
v33,90e2552,GA2MBoost_v33,pmlb/201_pol,0.340801,14
v33,90e2552,GA2MBoost_v33,pmlb/210_cloud,0.246758,2
v33,90e2552,GA2MBoost_v33,pmlb/215_2dplanes,0.227282,2
v33,90e2552,GA2MBoost_v33,pmlb/218_house_8L,0.684627,2
v33,90e2552,GA2MBoost_v33,pmlb/225_puma8NH,0.606760,2
v33,90e2552,GA2MBoost_v33,pmlb/227_cpu_small,0.195178,4
v33,90e2552,GA2MBoost_v33,pmlb/228_elusage,0.471296,0
v33,90e2552,GA2MBoost_v33,pmlb/229_pwLinear,0.300828,2
v33,90e2552,GA2MBoost_v33,pmlb/230_machine_cpu,0.421190,2
v33,90e2552,GA2MBoost_v33,pmlb/294_satellite_image,0.421630,11
v33,90e2552,GA2MBoost_v33,pmlb/344_mv,0.046427,6
v33,90e2552,GA2MBoost_v33,pmlb/4544_GeographicalOriginalofMusic,0.630020,16
v33,90e2552,GA2MBoost_v33,pmlb/485_analcatdata_vehicle,0.793850,0
v33,90e2552,GA2MBoost_v33,pmlb/503_wind,0.476247,8
v33,90e2552,GA2MBoost_v33,pmlb/505_tecator,0.124722,13
v33,90e2552,GA2MBoost_v33,pmlb/519_vinnie,0.546725,0
v33,90e2552,GA2MBoost_v33,pmlb/522_pm10,0.823825,3
v33,90e2552,GA2MBoost_v33,pmlb/523_analcatdata_neavote,0.209005,0
v33,90e2552,GA2MBoost_v33,pmlb/527_analcatdata_election2000,1.074028,1
v33,90e2552,GA2MBoost_v33,pmlb/529_pollen,0.468177,1
v33,90e2552,GA2MBoost_v33,pmlb/537_houses,0.506341,3
v33,90e2552,GA2MBoost_v33,pmlb/542_pollution,1.019875,2
v33,90e2552,GA2MBoost_v33,pmlb/547_no2,0.653419,4
v33,90e2552,GA2MBoost_v33,pmlb/556_analcatdata_apnea2,0.428938,1
v33,90e2552,GA2MBoost_v33,pmlb/557_analcatdata_apnea1,0.365502,1
v33,90e2552,GA2MBoost_v33,pmlb/560_bodyfat,0.035649,3
v33,90e2552,GA2MBoost_v33,pmlb/561_cpu,0.396979,2
v33,90e2552,GA2MBoost_v33,pmlb/562_cpu_small,0.195178,4
v33,90e2552,GA2MBoost_v33,pmlb/564_fried,0.235258,3
v33,90e2552,GA2MBoost_v33,pmlb/573_cpu_act,0.188806,7
v33,90e2552,GA2MBoost_v33,pmlb/574_house_16H,0.809323,6
v33,90e2552,GA2MBoost_v33,pmlb/659_sleuth_ex1714,0.518197,1
v33,90e2552,GA2MBoost_v33,pmlb/663_rabe_266,0.071946,0
v33,90e2552,GA2MBoost_v33,pmlb/665_sleuth_case2002,0.874503,2
v33,90e2552,GA2MBoost_v33,pmlb/666_rmftsa_ladata,0.663552,3
v33,90e2552,GA2MBoost_v33,pmlb/678_visualizing_environmental,0.691174,1
v33,90e2552,GA2MBoost_v33,pmlb/687_sleuth_ex1605,0.623646,0
v33,90e2552,GA2MBoost_v33,pmlb/690_visualizing_galaxy,0.153827,1
v33,90e2552,GA2MBoost_v33,pmlb/695_chatfield_4,0.391326,3
v33,90e2552,GA2MBoost_v33,pmlb/706_sleuth_case1202,0.532983,1
v33,90e2552,GA2MBoost_v33,pmlb/712_chscase_geyser1,0.437583,0
v33,90e2552,GA2MBoost_v33,pmlb/banana,0.611797,0
v33,90e2552,GA2MBoost_v33,pmlb/titanic,0.841473,3
v34,7c57f3d,SimpleGA2M_v34,california,0.652227,4
v34,7c57f3d,SimpleGA2M_v34,abalone,0.707241,7
v34,7c57f3d,SimpleGA2M_v34,cpu_act,0.191886,10
v34,7c57f3d,SimpleGA2M_v34,house_16H,0.786660,8
v34,7c57f3d,SimpleGA2M_v34,elevators,0.399486,14
v34,7c57f3d,SimpleGA2M_v34,pol,0.324843,23
v34,7c57f3d,SimpleGA2M_v34,kin8nm,0.743671,3
v34,7c57f3d,SimpleGA2M_v34,pmlb/1027_ESL,0.353539,2
v34,7c57f3d,SimpleGA2M_v34,pmlb/1028_SWD,0.802286,4
v34,7c57f3d,SimpleGA2M_v34,pmlb/1029_LEV,0.715017,1
v34,7c57f3d,SimpleGA2M_v34,pmlb/1030_ERA,0.805667,2
v34,7c57f3d,SimpleGA2M_v34,pmlb/1089_USCrime,0.318503,6
v34,7c57f3d,SimpleGA2M_v34,pmlb/1096_FacultySalaries,0.509651,2
v34,7c57f3d,SimpleGA2M_v34,pmlb/1191_BNG_pbc,0.851974,16
v34,7c57f3d,SimpleGA2M_v34,pmlb/1193_BNG_lowbwt,0.654867,5
v34,7c57f3d,SimpleGA2M_v34,pmlb/1196_BNG_pharynx,0.730980,5
v34,7c57f3d,SimpleGA2M_v34,pmlb/1199_BNG_echoMonths,0.745179,7
v34,7c57f3d,SimpleGA2M_v34,pmlb/1201_BNG_breastTumor,0.935260,5
v34,7c57f3d,SimpleGA2M_v34,pmlb/1203_BNG_pwLinear,0.652837,4
v34,7c57f3d,SimpleGA2M_v34,pmlb/1595_poker,0.958412,4
v34,7c57f3d,SimpleGA2M_v34,pmlb/192_vineyard,0.457855,0
v34,7c57f3d,SimpleGA2M_v34,pmlb/197_cpu_act,0.191886,11
v34,7c57f3d,SimpleGA2M_v34,pmlb/201_pol,0.324843,25
v34,7c57f3d,SimpleGA2M_v34,pmlb/210_cloud,0.256738,3
v34,7c57f3d,SimpleGA2M_v34,pmlb/215_2dplanes,0.229490,4
v34,7c57f3d,SimpleGA2M_v34,pmlb/218_house_8L,0.691781,4
v34,7c57f3d,SimpleGA2M_v34,pmlb/225_puma8NH,0.605308,3
v34,7c57f3d,SimpleGA2M_v34,pmlb/227_cpu_small,0.201816,6
v34,7c57f3d,SimpleGA2M_v34,pmlb/228_elusage,0.490227,1
v34,7c57f3d,SimpleGA2M_v34,pmlb/229_pwLinear,0.321793,3
v34,7c57f3d,SimpleGA2M_v34,pmlb/230_machine_cpu,0.383580,3
v34,7c57f3d,SimpleGA2M_v34,pmlb/294_satellite_image,0.422810,18
v34,7c57f3d,SimpleGA2M_v34,pmlb/344_mv,0.054812,10
v34,7c57f3d,SimpleGA2M_v34,pmlb/4544_GeographicalOriginalofMusic,0.636487,31
v34,7c57f3d,SimpleGA2M_v34,pmlb/485_analcatdata_vehicle,0.794316,1
v34,7c57f3d,SimpleGA2M_v34,pmlb/503_wind,0.473405,17
v34,7c57f3d,SimpleGA2M_v34,pmlb/505_tecator,0.123104,26
v34,7c57f3d,SimpleGA2M_v34,pmlb/519_vinnie,0.541049,0
v34,7c57f3d,SimpleGA2M_v34,pmlb/522_pm10,0.821477,6
v34,7c57f3d,SimpleGA2M_v34,pmlb/523_analcatdata_neavote,0.211956,0
v34,7c57f3d,SimpleGA2M_v34,pmlb/527_analcatdata_election2000,1.081774,10
v34,7c57f3d,SimpleGA2M_v34,pmlb/529_pollen,0.467844,3
v34,7c57f3d,SimpleGA2M_v34,pmlb/537_houses,0.506687,5
v34,7c57f3d,SimpleGA2M_v34,pmlb/542_pollution,0.985132,9
v34,7c57f3d,SimpleGA2M_v34,pmlb/547_no2,0.637346,6
v34,7c57f3d,SimpleGA2M_v34,pmlb/556_analcatdata_apnea2,0.491876,1
v34,7c57f3d,SimpleGA2M_v34,pmlb/557_analcatdata_apnea1,0.388582,1
v34,7c57f3d,SimpleGA2M_v34,pmlb/560_bodyfat,0.041257,6
v34,7c57f3d,SimpleGA2M_v34,pmlb/561_cpu,0.418575,4
v34,7c57f3d,SimpleGA2M_v34,pmlb/562_cpu_small,0.201816,7
v34,7c57f3d,SimpleGA2M_v34,pmlb/564_fried,0.234997,5
v34,7c57f3d,SimpleGA2M_v34,pmlb/573_cpu_act,0.191886,12
v34,7c57f3d,SimpleGA2M_v34,pmlb/574_house_16H,0.802954,10
v34,7c57f3d,SimpleGA2M_v34,pmlb/659_sleuth_ex1714,0.480765,4
v34,7c57f3d,SimpleGA2M_v34,pmlb/663_rabe_266,0.086689,0
v34,7c57f3d,SimpleGA2M_v34,pmlb/665_sleuth_case2002,0.864533,3
v34,7c57f3d,SimpleGA2M_v34,pmlb/666_rmftsa_ladata,0.663441,5
v34,7c57f3d,SimpleGA2M_v34,pmlb/678_visualizing_environmental,0.715584,1
v34,7c57f3d,SimpleGA2M_v34,pmlb/687_sleuth_ex1605,0.624157,2
v34,7c57f3d,SimpleGA2M_v34,pmlb/690_visualizing_galaxy,0.153413,2
v34,7c57f3d,SimpleGA2M_v34,pmlb/695_chatfield_4,0.503700,5
v34,7c57f3d,SimpleGA2M_v34,pmlb/706_sleuth_case1202,0.600109,3
v34,7c57f3d,SimpleGA2M_v34,pmlb/712_chscase_geyser1,0.436038,0
v34,7c57f3d,SimpleGA2M_v34,pmlb/banana,0.610867,1
v34,7c57f3d,SimpleGA2M_v34,pmlb/titanic,0.844830,5
v35,83b4cec,AddGP_v35,california,0.644431,22
v35,83b4cec,AddGP_v35,abalone,0.699294,20
v35,83b4cec,AddGP_v35,cpu_act,0.152920,22
v35,83b4cec,AddGP_v35,house_16H,0.859230,25
v35,83b4cec,AddGP_v35,elevators,0.366336,22
v35,83b4cec,AddGP_v35,pol,0.348233,23
v35,83b4cec,AddGP_v35,kin8nm,0.744712,17
v35,83b4cec,AddGP_v35,pmlb/1027_ESL,0.358874,2
v35,83b4cec,AddGP_v35,pmlb/1028_SWD,0.797348,11
v35,83b4cec,AddGP_v35,pmlb/1029_LEV,0.712871,13
v35,83b4cec,AddGP_v35,pmlb/1030_ERA,0.806130,11
v35,83b4cec,AddGP_v35,pmlb/1089_USCrime,0.332934,0
v35,83b4cec,AddGP_v35,pmlb/1096_FacultySalaries,0.379338,0
v35,83b4cec,AddGP_v35,pmlb/1191_BNG_pbc,0.854264,1022
v35,83b4cec,AddGP_v35,pmlb/1193_BNG_lowbwt,0.652028,23
v35,83b4cec,AddGP_v35,pmlb/1196_BNG_pharynx,0.728168,660
v35,83b4cec,AddGP_v35,pmlb/1199_BNG_echoMonths,0.747137,17
v35,83b4cec,AddGP_v35,pmlb/1201_BNG_breastTumor,0.940246,33
v35,83b4cec,AddGP_v35,pmlb/1203_BNG_pwLinear,0.651517,44
v35,83b4cec,AddGP_v35,pmlb/1595_poker,0.962512,893
v35,83b4cec,AddGP_v35,pmlb/192_vineyard,0.530548,0
v35,83b4cec,AddGP_v35,pmlb/197_cpu_act,0.152920,20
v35,83b4cec,AddGP_v35,pmlb/201_pol,0.348279,37
v35,83b4cec,AddGP_v35,pmlb/210_cloud,0.280417,0
v35,83b4cec,AddGP_v35,pmlb/215_2dplanes,0.227481,17
v35,83b4cec,AddGP_v35,pmlb/218_house_8L,0.672988,19
v35,83b4cec,AddGP_v35,pmlb/225_puma8NH,0.589416,13
v35,83b4cec,AddGP_v35,pmlb/227_cpu_small,0.183650,17
v35,83b4cec,AddGP_v35,pmlb/228_elusage,0.473774,0
v35,83b4cec,AddGP_v35,pmlb/229_pwLinear,0.313453,1
v35,83b4cec,AddGP_v35,pmlb/230_machine_cpu,0.372320,0
v35,83b4cec,AddGP_v35,pmlb/294_satellite_image,0.420354,21
v35,83b4cec,AddGP_v35,pmlb/344_mv,0.018554,15
v35,83b4cec,AddGP_v35,pmlb/4544_GeographicalOriginalofMusic,0.635177,23
v35,83b4cec,AddGP_v35,pmlb/485_analcatdata_vehicle,0.597712,0
v35,83b4cec,AddGP_v35,pmlb/503_wind,0.462962,15
v35,83b4cec,AddGP_v35,pmlb/505_tecator,0.094955,2
v35,83b4cec,AddGP_v35,pmlb/519_vinnie,0.523889,1
v35,83b4cec,AddGP_v35,pmlb/522_pm10,0.819681,2
v35,83b4cec,AddGP_v35,pmlb/523_analcatdata_neavote,0.213881,0
v35,83b4cec,AddGP_v35,pmlb/527_analcatdata_election2000,0.599045,0
v35,83b4cec,AddGP_v35,pmlb/529_pollen,0.461007,12
v35,83b4cec,AddGP_v35,pmlb/537_houses,0.514609,12
v35,83b4cec,AddGP_v35,pmlb/542_pollution,1.051469,0
v35,83b4cec,AddGP_v35,pmlb/547_no2,0.604846,1
v35,83b4cec,AddGP_v35,pmlb/556_analcatdata_apnea2,0.415654,1
v35,83b4cec,AddGP_v35,pmlb/557_analcatdata_apnea1,0.351480,1
v35,83b4cec,AddGP_v35,pmlb/560_bodyfat,0.080129,1
v35,83b4cec,AddGP_v35,pmlb/561_cpu,0.260961,0
v35,83b4cec,AddGP_v35,pmlb/562_cpu_small,0.183650,17
v35,83b4cec,AddGP_v35,pmlb/564_fried,0.220384,12
v35,83b4cec,AddGP_v35,pmlb/573_cpu_act,0.152920,18
v35,83b4cec,AddGP_v35,pmlb/574_house_16H,0.796074,13
v35,83b4cec,AddGP_v35,pmlb/659_sleuth_ex1714,0.525652,0
v35,83b4cec,AddGP_v35,pmlb/663_rabe_266,0.053687,1
v35,83b4cec,AddGP_v35,pmlb/665_sleuth_case2002,0.885984,1
v35,83b4cec,AddGP_v35,pmlb/666_rmftsa_ladata,0.670565,3
v35,83b4cec,AddGP_v35,pmlb/678_visualizing_environmental,0.695712,0
v35,83b4cec,AddGP_v35,pmlb/687_sleuth_ex1605,0.686203,0
v35,83b4cec,AddGP_v35,pmlb/690_visualizing_galaxy,0.146465,1
v35,83b4cec,AddGP_v35,pmlb/695_chatfield_4,0.348631,1
v35,83b4cec,AddGP_v35,pmlb/706_sleuth_case1202,0.498749,0
v35,83b4cec,AddGP_v35,pmlb/712_chscase_geyser1,0.454514,0
v35,83b4cec,AddGP_v35,pmlb/banana,0.560379,10
v35,83b4cec,AddGP_v35,pmlb/titanic,0.847152,11
v41,6cc658d,AddGP_v41,california,0.636804,47
v41,6cc658d,AddGP_v41,abalone,0.694823,28
v41,6cc658d,AddGP_v41,cpu_act,0.174214,49
v41,6cc658d,AddGP_v41,house_16H,0.778855,56
v41,6cc658d,AddGP_v41,elevators,0.385515,36
v41,6cc658d,AddGP_v41,pol,0.331330,36
v41,6cc658d,AddGP_v41,kin8nm,0.720720,59
v41,6cc658d,AddGP_v41,pmlb/1027_ESL,0.372260,2
v41,6cc658d,AddGP_v41,pmlb/1028_SWD,0.795164,3
v41,6cc658d,AddGP_v41,pmlb/1029_LEV,0.716572,2
v41,6cc658d,AddGP_v41,pmlb/1030_ERA,0.805196,8
v41,6cc658d,AddGP_v41,pmlb/1089_USCrime,0.287004,28
v41,6cc658d,AddGP_v41,pmlb/1096_FacultySalaries,0.424933,6
v41,6cc658d,AddGP_v41,pmlb/1191_BNG_pbc,0.859746,76
v41,6cc658d,AddGP_v41,pmlb/1193_BNG_lowbwt,0.652243,8
v41,6cc658d,AddGP_v41,pmlb/1196_BNG_pharynx,0.730830,7
v41,6cc658d,AddGP_v41,pmlb/1199_BNG_echoMonths,0.745438,63
v41,6cc658d,AddGP_v41,pmlb/1201_BNG_breastTumor,0.940675,8
v41,6cc658d,AddGP_v41,pmlb/1203_BNG_pwLinear,0.648139,5
v41,6cc658d,AddGP_v41,pmlb/1595_poker,0.917015,56
v41,6cc658d,AddGP_v41,pmlb/192_vineyard,0.424743,1
v41,6cc658d,AddGP_v41,pmlb/197_cpu_act,0.174214,71
v41,6cc658d,AddGP_v41,pmlb/201_pol,0.331330,51
v41,6cc658d,AddGP_v41,pmlb/210_cloud,0.277643,14
v41,6cc658d,AddGP_v41,pmlb/215_2dplanes,0.228412,4
v41,6cc658d,AddGP_v41,pmlb/218_house_8L,0.691759,59
v41,6cc658d,AddGP_v41,pmlb/225_puma8NH,0.596164,68
v41,6cc658d,AddGP_v41,pmlb/227_cpu_small,0.191360,56
v41,6cc658d,AddGP_v41,pmlb/228_elusage,0.528036,2
v41,6cc658d,AddGP_v41,pmlb/229_pwLinear,0.315955,4
v41,6cc658d,AddGP_v41,pmlb/230_machine_cpu,0.509427,31
v41,6cc658d,AddGP_v41,pmlb/294_satellite_image,0.433117,126
v41,6cc658d,AddGP_v41,pmlb/344_mv,0.051357,48
v41,6cc658d,AddGP_v41,pmlb/4544_GeographicalOriginalofMusic,0.660048,179
v41,6cc658d,AddGP_v41,pmlb/485_analcatdata_vehicle,0.607815,2
v41,6cc658d,AddGP_v41,pmlb/503_wind,0.475346,77
v41,6cc658d,AddGP_v41,pmlb/505_tecator,0.122683,175
v41,6cc658d,AddGP_v41,pmlb/519_vinnie,0.567188,1
v41,6cc658d,AddGP_v41,pmlb/522_pm10,0.830479,61
v41,6cc658d,AddGP_v41,pmlb/523_analcatdata_neavote,0.207470,1
v41,6cc658d,AddGP_v41,pmlb/527_analcatdata_election2000,1.311379,64
v41,6cc658d,AddGP_v41,pmlb/529_pollen,0.476482,15
v41,6cc658d,AddGP_v41,pmlb/537_houses,0.507135,73
v41,6cc658d,AddGP_v41,pmlb/542_pollution,1.244480,64
v41,6cc658d,AddGP_v41,pmlb/547_no2,0.609460,67
v41,6cc658d,AddGP_v41,pmlb/556_analcatdata_apnea2,0.417555,2
v41,6cc658d,AddGP_v41,pmlb/557_analcatdata_apnea1,0.350266,2
v41,6cc658d,AddGP_v41,pmlb/560_bodyfat,0.062838,82
v41,6cc658d,AddGP_v41,pmlb/561_cpu,0.512579,31
v41,6cc658d,AddGP_v41,pmlb/562_cpu_small,0.191360,65
v41,6cc658d,AddGP_v41,pmlb/564_fried,0.223378,74
v41,6cc658d,AddGP_v41,pmlb/573_cpu_act,0.174214,71
v41,6cc658d,AddGP_v41,pmlb/574_house_16H,0.768620,61
v41,6cc658d,AddGP_v41,pmlb/659_sleuth_ex1714,0.546878,50
v41,6cc658d,AddGP_v41,pmlb/663_rabe_266,0.035208,2
v41,6cc658d,AddGP_v41,pmlb/665_sleuth_case2002,0.882826,6
v41,6cc658d,AddGP_v41,pmlb/666_rmftsa_ladata,0.697181,70
v41,6cc658d,AddGP_v41,pmlb/678_visualizing_environmental,0.683419,5
v41,6cc658d,AddGP_v41,pmlb/687_sleuth_ex1605,0.810032,25
v41,6cc658d,AddGP_v41,pmlb/690_visualizing_galaxy,0.152886,12
v41,6cc658d,AddGP_v41,pmlb/695_chatfield_4,0.399776,52
v41,6cc658d,AddGP_v41,pmlb/706_sleuth_case1202,0.590696,20
v41,6cc658d,AddGP_v41,pmlb/712_chscase_geyser1,0.449363,2
v41,6cc658d,AddGP_v41,pmlb/banana,0.593454,2
v41,6cc658d,AddGP_v41,pmlb/titanic,0.843858,6
v44,729b16b,AddGP_v44,california,0.641740,65
v44,729b16b,AddGP_v44,abalone,0.694762,42
v44,729b16b,AddGP_v44,cpu_act,0.175628,69
v44,729b16b,AddGP_v44,house_16H,0.780980,71
v44,729b16b,AddGP_v44,elevators,0.384468,49
v44,729b16b,AddGP_v44,pol,0.333847,48
v44,729b16b,AddGP_v44,kin8nm,0.728502,60
v44,729b16b,AddGP_v44,pmlb/1027_ESL,0.373495,3
v44,729b16b,AddGP_v44,pmlb/1028_SWD,0.801478,4
v44,729b16b,AddGP_v44,pmlb/1029_LEV,0.716638,2
v44,729b16b,AddGP_v44,pmlb/1030_ERA,0.810520,9
v44,729b16b,AddGP_v44,pmlb/1089_USCrime,0.252992,27
v44,729b16b,AddGP_v44,pmlb/1096_FacultySalaries,0.411699,7
v44,729b16b,AddGP_v44,pmlb/1191_BNG_pbc,0.859323,75
v44,729b16b,AddGP_v44,pmlb/1193_BNG_lowbwt,0.650957,8
v44,729b16b,AddGP_v44,pmlb/1196_BNG_pharynx,0.729243,6
v44,729b16b,AddGP_v44,pmlb/1199_BNG_echoMonths,0.742432,58
v44,729b16b,AddGP_v44,pmlb/1201_BNG_breastTumor,0.940497,7
v44,729b16b,AddGP_v44,pmlb/1203_BNG_pwLinear,0.648285,4
v44,729b16b,AddGP_v44,pmlb/1595_poker,0.915231,50
v44,729b16b,AddGP_v44,pmlb/192_vineyard,0.471495,1
v44,729b16b,AddGP_v44,pmlb/197_cpu_act,0.175628,66
v44,729b16b,AddGP_v44,pmlb/201_pol,0.333847,48
v44,729b16b,AddGP_v44,pmlb/210_cloud,0.275934,13
v44,729b16b,AddGP_v44,pmlb/215_2dplanes,0.228124,4
v44,729b16b,AddGP_v44,pmlb/218_house_8L,0.686996,55
v44,729b16b,AddGP_v44,pmlb/225_puma8NH,0.595559,68
v44,729b16b,AddGP_v44,pmlb/227_cpu_small,0.193848,53
v44,729b16b,AddGP_v44,pmlb/228_elusage,0.501454,2
v44,729b16b,AddGP_v44,pmlb/229_pwLinear,0.305477,4
v44,729b16b,AddGP_v44,pmlb/230_machine_cpu,0.524445,30
v44,729b16b,AddGP_v44,pmlb/294_satellite_image,0.434823,120
v44,729b16b,AddGP_v44,pmlb/344_mv,0.051525,46
v44,729b16b,AddGP_v44,pmlb/4544_GeographicalOriginalofMusic,0.655662,169
v44,729b16b,AddGP_v44,pmlb/485_analcatdata_vehicle,0.608517,2
v44,729b16b,AddGP_v44,pmlb/503_wind,0.474700,74
v44,729b16b,AddGP_v44,pmlb/505_tecator,0.129678,170
v44,729b16b,AddGP_v44,pmlb/519_vinnie,0.561996,1
v44,729b16b,AddGP_v44,pmlb/522_pm10,0.816346,63
v44,729b16b,AddGP_v44,pmlb/523_analcatdata_neavote,0.212684,1
v44,729b16b,AddGP_v44,pmlb/527_analcatdata_election2000,1.383672,63
v44,729b16b,AddGP_v44,pmlb/529_pollen,0.479058,14
v44,729b16b,AddGP_v44,pmlb/537_houses,0.510102,69
v44,729b16b,AddGP_v44,pmlb/542_pollution,1.201112,63
v44,729b16b,AddGP_v44,pmlb/547_no2,0.609866,63
v44,729b16b,AddGP_v44,pmlb/556_analcatdata_apnea2,0.418097,2
v44,729b16b,AddGP_v44,pmlb/557_analcatdata_apnea1,0.350537,2
v44,729b16b,AddGP_v44,pmlb/560_bodyfat,0.069127,77
v44,729b16b,AddGP_v44,pmlb/561_cpu,0.510142,30
v44,729b16b,AddGP_v44,pmlb/562_cpu_small,0.193848,54
v44,729b16b,AddGP_v44,pmlb/564_fried,0.223137,70
v44,729b16b,AddGP_v44,pmlb/573_cpu_act,0.175628,69
v44,729b16b,AddGP_v44,pmlb/574_house_16H,0.769615,63
v44,729b16b,AddGP_v44,pmlb/659_sleuth_ex1714,0.556617,47
v44,729b16b,AddGP_v44,pmlb/663_rabe_266,0.036435,2
v44,729b16b,AddGP_v44,pmlb/665_sleuth_case2002,0.873373,6
v44,729b16b,AddGP_v44,pmlb/666_rmftsa_ladata,0.694417,65
v44,729b16b,AddGP_v44,pmlb/678_visualizing_environmental,0.692020,6
v44,729b16b,AddGP_v44,pmlb/687_sleuth_ex1605,0.778896,25
v44,729b16b,AddGP_v44,pmlb/690_visualizing_galaxy,0.150668,12
v44,729b16b,AddGP_v44,pmlb/695_chatfield_4,0.389572,53
v44,729b16b,AddGP_v44,pmlb/706_sleuth_case1202,0.602478,21
v44,729b16b,AddGP_v44,pmlb/712_chscase_geyser1,0.432028,2
v44,729b16b,AddGP_v44,pmlb/banana,0.591694,2
v44,729b16b,AddGP_v44,pmlb/titanic,0.846263,5
