x0,x1,x2,x3,x4,x5,x6,x7,x8,x9,x10,x11,x12,x13,x14,x15,x16,x17,x18,x19,x20,x21,x22,label
24,43,37,39,38,41,35,40,41,38,40,40,40,38,17,39,39,41,41,41,57,38,36,0
14,30,1,30,18,29,57,18,16,15,16,18,17,30,39,17,19,17,17,17,13,17,23,0
59,52,19,58,58,59,17,59,59,59,57,59,59,55,54,58,59,59,59,59,34,58,58,0
12,3,47,12,18,16,45,19,31,20,49,20,32,7,13,19,19,20,20,20,18,20,8,1
11,46,1,15,17,14,59,16,17,18,17,16,17,8,10,17,17,16,16,16,17,17,19,0
27,31,6,4,3,5,6,4,12,13,3,5,12,3,2,4,4,5,5,5,2,4,5,1
12,23,3,59,15,57,56,16,15,13,14,14,15,15,23,12,16,13,13,13,15,11,13,0
2,59,4,6,6,14,8,13,13,2,13,17,13,29,47,10,15,17,17,17,1,10,6,0
0,31,14,4,3,0,12,0,4,7,3,0,3,0,0,4,0,0,0,0,3,4,5,1
53,8,53,43,43,33,53,33,24,42,37,35,24,34,53,44,32,34,34,34,24,42,47,0
24,48,52,40,39,30,46,30,26,24,34,24,27,8,15,27,21,23,23,23,23,24,29,0
48,47,20,58,58,58,17,58,58,58,57,58,58,52,53,58,58,58,58,58,59,58,58,0
41,58,52,50,33,50,50,30,26,28,29,31,27,29,26,32,30,29,29,29,26,32,33,0
40,25,31,53,52,52,27,52,47,50,51,52,48,31,44,53,49,51,51,51,51,50,52,0
5,21,9,6,6,10,8,9,8,11,5,11,8,9,18,6,10,11,11,11,11,7,30,1
40,46,54,43,45,31,50,32,24,27,38,27,24,18,28,35,30,27,27,27,26,42,40,0
40,29,28,52,52,49,26,49,50,51,51,48,49,53,49,51,48,49,49,49,50,51,53,0
12,43,4,12,11,16,1,15,14,10,10,16,17,13,34,12,13,15,15,15,11,9,10,0
27,8,9,4,3,4,7,3,8,13,2,3,8,2,1,3,2,3,3,3,7,3,5,1
55,31,26,43,45,52,22,53,52,52,45,52,52,21,43,43,52,53,53,53,55,43,41,1
27,27,12,25,19,28,57,19,5,7,9,4,5,5,5,10,4,4,4,4,3,4,26,0
24,21,24,40,39,29,23,28,54,50,51,35,54,49,56,47,31,35,35,35,34,45,22,0
5,3,10,3,4,4,9,5,7,5,3,6,7,5,6,3,6,6,6,6,6,4,3,1
48,12,54,30,27,39,53,35,23,29,21,36,24,57,12,29,33,34,34,34,28,27,36,0
56,22,41,26,26,45,39,42,36,40,20,42,35,48,33,28,41,42,42,42,41,26,35,1
54,55,24,56,57,56,21,57,54,59,56,57,54,34,56,57,57,57,57,57,56,56,56,0
22,13,53,34,34,28,49,28,25,25,32,24,25,21,25,26,22,25,25,25,22,26,28,0
53,26,28,45,44,43,25,42,50,46,47,41,50,37,49,44,41,42,42,42,42,43,36,0
28,15,18,7,6,5,15,4,0,0,6,4,0,57,53,7,4,4,4,4,12,7,7,1
3,3,12,8,7,18,11,16,5,9,7,18,5,24,55,8,16,18,18,18,0,9,9,1
24,45,44,40,40,32,39,31,33,35,43,29,34,41,54,34,24,28,28,28,30,31,23,0
28,31,14,11,10,6,12,5,4,8,10,6,4,14,13,12,5,6,6,6,8,12,13,1
28,14,54,25,26,24,53,24,23,24,29,21,22,14,22,20,22,24,24,24,19,25,23,1
6,10,10,7,6,7,9,6,7,11,5,6,7,5,5,6,7,7,7,7,5,6,7,1
44,29,29,56,56,50,26,50,49,55,56,48,48,26,56,54,47,49,49,49,51,54,52,0
43,21,28,55,55,52,25,52,50,49,55,50,49,31,38,53,50,51,51,51,53,53,54,0
25,30,56,33,32,33,47,33,22,22,21,22,23,43,26,22,37,22,22,22,20,27,35,0
10,31,3,9,15,12,2,16,15,18,13,17,15,23,19,15,17,17,17,17,18,16,30,1
28,31,14,7,8,3,12,4,4,6,9,5,4,15,11,10,4,5,5,5,4,10,10,1
28,0,18,4,3,16,16,14,0,0,3,16,0,34,59,4,15,16,16,16,17,4,4,1
20,47,33,28,28,30,30,29,45,34,34,27,44,28,35,27,28,32,32,32,32,28,21,0
28,12,14,7,7,2,12,1,4,6,7,2,4,3,3,8,1,2,2,2,4,7,7,1
15,57,46,21,19,22,33,19,32,37,38,54,33,2,4,46,52,53,53,53,49,53,30,0
19,45,57,26,26,27,54,27,21,24,21,24,21,45,17,24,22,25,25,25,23,23,32,0
41,17,30,54,54,40,26,39,48,50,54,38,48,41,55,51,36,39,39,39,40,51,49,0
28,29,13,6,5,3,11,2,4,7,4,2,4,3,3,5,2,2,2,2,8,5,6,1
3,2,13,10,9,8,11,6,5,3,10,7,5,11,28,10,7,7,7,7,2,10,9,1
15,29,42,20,19,20,43,18,36,26,23,25,37,32,34,23,22,24,24,24,24,22,23,0
28,6,9,14,12,13,7,12,9,12,11,13,9,19,23,13,11,13,13,13,12,12,15,1
11,30,58,18,17,19,55,17,20,18,21,19,21,44,32,18,18,19,19,19,18,19,17,0
50,40,33,48,48,35,30,35,45,43,53,35,45,25,52,46,34,35,35,35,50,45,22,0
47,31,50,34,35,38,46,39,27,36,25,38,28,47,36,34,32,36,36,36,38,34,42,1
15,18,16,28,19,28,33,19,1,3,1,0,1,0,1,1,0,0,0,0,0,0,30,0
15,56,37,21,19,21,37,19,41,27,50,30,42,16,28,32,31,28,28,28,30,34,10,0
56,30,42,27,27,27,43,27,36,38,28,34,39,53,45,34,27,31,31,31,27,29,29,0
15,48,38,24,19,23,53,19,40,44,39,38,42,45,46,44,33,36,36,36,30,49,24,0
9,6,6,5,6,8,2,11,12,11,6,8,11,7,10,4,11,9,9,9,8,7,5,1
25,14,1,10,43,9,52,43,17,20,16,16,16,3,4,17,42,17,17,17,17,17,47,1
39,31,52,39,37,47,40,45,26,32,22,30,24,41,36,27,44,32,32,32,32,27,41,1
11,9,14,9,8,10,9,9,4,4,4,6,4,13,16,5,9,6,6,6,11,5,10,1
41,48,50,48,45,59,39,58,28,33,28,55,29,1,1,38,58,54,54,54,50,43,49,0
11,17,4,14,12,13,58,12,14,13,13,9,14,6,6,10,13,9,9,9,12,11,10,0
50,17,38,32,36,33,35,37,40,36,40,35,40,20,30,34,36,36,36,36,43,35,27,0
38,44,30,50,50,47,27,47,47,47,50,44,47,37,44,46,43,46,46,46,42,46,44,0
10,43,59,18,18,16,57,16,19,18,19,18,19,11,16,19,18,18,18,18,9,19,22,1
28,27,30,44,44,47,29,47,47,49,45,50,47,27,24,47,49,50,50,50,46,46,45,1
18,38,43,22,23,22,43,23,35,24,23,22,35,37,31,22,21,24,24,24,21,21,23,0
49,48,51,34,33,37,49,36,27,32,25,34,26,50,21,32,35,35,35,35,29,32,40,0
7,9,0,8,7,11,3,11,18,18,18,17,19,6,7,14,17,16,16,16,15,15,6,1
48,49,36,40,43,42,31,45,42,40,40,41,42,50,35,40,44,42,42,42,32,39,41,0
59,58,22,38,37,34,20,33,56,50,49,36,55,49,56,41,34,37,37,37,59,40,18,0
15,23,20,25,19,25,19,19,58,51,59,54,58,53,42,54,53,53,53,53,43,58,3,0
47,44,39,42,39,34,35,32,39,36,39,33,40,21,48,39,31,32,32,32,41,38,35,0
24,17,51,39,39,36,39,36,26,32,24,27,27,38,41,29,24,27,27,27,24,27,42,0
21,42,49,31,30,34,45,34,28,30,26,30,29,13,20,28,26,30,30,30,33,26,32,0
41,28,53,53,53,44,36,44,25,30,30,31,26,22,33,37,26,29,29,29,31,33,55,0
38,25,52,39,34,33,51,29,26,29,32,32,26,30,20,36,32,30,30,30,26,38,35,1
56,55,47,39,40,40,46,40,31,35,33,43,32,52,18,42,39,41,41,41,59,38,44,0
50,26,37,41,41,52,33,52,41,41,35,47,40,13,18,39,50,49,49,49,44,40,43,0
19,41,48,27,27,27,47,27,29,30,25,26,28,53,43,26,24,28,28,28,26,26,29,0
5,31,9,9,8,3,7,3,9,11,9,3,9,2,2,8,3,3,3,3,7,9,8,1
14,26,5,20,18,20,57,18,12,15,14,15,12,38,29,15,14,16,16,16,16,14,24,0
40,45,18,51,51,49,16,49,59,59,52,47,59,23,59,49,47,48,48,48,34,49,48,0
42,49,55,39,37,44,42,42,22,29,21,31,23,44,28,29,37,30,30,30,30,29,30,0
28,49,52,31,31,38,49,38,26,30,24,35,26,48,10,30,32,35,35,35,28,28,37,1
13,45,9,16,15,15,6,13,9,11,15,13,8,29,33,15,12,13,13,13,10,14,18,0
58,16,20,50,50,57,18,57,57,58,47,57,57,57,54,50,57,58,58,58,49,49,53,0
48,42,48,38,40,46,44,48,29,37,29,43,28,12,20,36,47,44,44,44,41,38,45,1
44,13,48,19,28,18,44,31,29,29,23,30,31,55,35,29,29,29,29,29,24,25,33,1
49,27,31,47,52,49,28,54,47,49,54,53,47,23,26,51,54,52,52,52,55,51,44,0
51,31,46,57,59,59,44,59,31,36,58,59,32,0,0,59,59,59,59,59,34,59,59,1
51,27,26,52,52,53,23,53,51,51,48,52,52,55,46,51,52,51,51,51,40,49,52,0
6,29,13,6,5,3,11,2,4,7,4,2,4,3,3,5,2,2,2,2,8,6,6,1
13,31,6,29,18,27,1,18,12,16,15,18,12,23,39,17,19,18,18,18,13,18,26,1
47,57,43,41,43,39,39,41,35,35,44,37,35,15,23,39,39,37,37,37,32,41,34,0
20,17,48,27,27,29,49,28,30,31,26,32,30,57,31,30,28,32,32,32,29,29,32,0
0,1,16,8,7,9,14,8,2,2,10,10,1,32,54,9,9,11,11,11,1,9,7,0
49,27,48,45,45,39,45,39,30,34,36,37,29,52,23,42,38,38,38,38,50,44,48,0
26,5,55,29,29,28,53,27,22,31,27,27,23,25,50,29,30,26,26,26,27,34,29,1
9,1,13,2,1,7,9,5,5,9,1,3,5,4,4,1,6,4,4,4,8,1,2,1
45,43,27,48,48,49,24,49,51,51,45,48,51,52,49,47,52,49,49,49,40,47,50,0
59,31,40,55,46,53,47,42,38,40,49,49,36,34,16,51,49,50,50,50,34,51,49,1
28,53,48,34,33,28,50,28,30,30,41,33,31,14,24,40,28,32,32,32,42,36,25,1
26,44,32,44,43,40,30,40,46,43,43,41,45,39,38,44,39,42,42,42,55,43,43,0
22,18,45,35,34,29,39,29,32,21,43,22,34,36,50,23,19,21,21,21,21,21,16,0
47,38,47,25,33,25,46,32,30,30,33,30,30,25,30,31,30,31,31,31,31,32,31,0
28,9,57,18,16,17,54,15,21,17,21,17,23,16,18,18,14,16,16,16,17,16,15,1
52,18,50,39,39,45,49,45,28,33,30,46,29,43,6,41,43,43,43,43,29,37,45,0
37,27,31,48,48,52,27,51,47,45,48,50,47,30,27,47,49,51,51,51,48,46,46,0
38,10,49,52,52,39,40,40,28,29,46,27,29,22,41,33,38,27,27,27,49,43,43,0
56,57,43,49,49,48,42,48,34,38,44,50,35,58,11,50,47,48,48,48,52,48,52,0
9,6,11,5,4,1,8,1,6,8,3,0,6,1,0,3,1,0,0,0,2,4,4,1
55,24,38,36,32,38,36,33,40,41,26,33,38,58,51,31,31,34,34,34,30,31,38,0
28,12,22,49,49,56,20,56,56,56,45,56,56,55,50,50,55,56,56,56,55,48,52,0
45,28,46,21,39,21,43,34,32,30,41,34,33,14,22,37,33,32,32,32,33,36,27,0
28,9,8,17,16,15,58,13,10,10,13,8,10,10,10,13,7,8,8,8,13,12,17,1
15,6,59,24,19,24,59,19,19,23,19,24,19,41,19,25,21,24,24,24,24,26,28,0
7,31,7,14,13,12,6,10,10,15,12,11,11,12,7,14,11,11,11,11,16,14,16,1
28,2,11,0,0,4,15,3,6,7,6,13,4,49,48,3,13,15,15,15,10,4,0,1
49,17,34,50,50,54,30,54,44,47,47,54,46,46,28,51,54,53,53,53,45,49,52,0
0,4,16,6,5,6,14,4,1,2,7,6,1,53,40,6,5,6,6,6,9,6,5,0
53,29,27,50,53,42,24,46,50,49,52,47,51,30,49,53,44,45,45,45,59,52,51,0
52,38,32,51,57,42,29,51,46,52,58,51,46,15,32,57,50,49,49,49,59,56,43,0
58,25,22,55,56,46,19,47,56,57,56,47,56,29,57,55,46,48,48,48,55,55,55,0
59,18,45,14,23,9,47,23,33,28,22,26,33,34,43,24,23,25,25,25,24,23,25,0
28,15,11,5,4,6,9,5,6,8,4,5,6,5,6,4,4,5,5,5,11,4,4,1
53,21,59,19,23,20,58,23,19,21,20,22,19,58,9,23,20,22,22,22,20,22,27,1
40,26,32,51,52,49,29,49,46,46,48,46,45,48,40,49,46,47,47,47,39,49,53,0
29,51,29,52,52,55,27,55,49,52,50,54,48,21,35,51,55,55,55,55,53,51,54,1
26,8,53,9,35,14,49,27,25,20,41,20,26,17,42,20,25,20,20,20,17,34,16,0
47,40,34,40,43,44,29,47,44,44,33,42,42,58,42,39,46,43,43,43,30,38,46,0
12,10,10,12,11,13,8,11,8,10,11,13,8,10,18,12,11,13,13,13,6,11,12,0
3,55,0,5,4,10,4,9,18,3,17,14,18,33,54,7,12,14,14,14,10,8,3,1
29,20,16,20,1,20,14,7,1,3,1,9,1,7,11,1,7,9,9,9,1,1,1,1
12,55,6,16,14,17,1,15,12,15,9,12,12,6,8,10,16,12,12,12,11,10,15,0
41,47,30,53,54,51,28,50,48,51,53,52,49,45,45,55,49,51,51,51,52,53,53,0
15,13,19,21,19,21,17,19,59,49,59,47,59,52,50,50,43,45,45,45,48,57,1,0
52,53,26,33,38,47,23,54,52,51,35,53,52,50,41,39,54,54,54,54,58,37,40,0
12,28,12,13,11,7,10,6,6,8,12,7,6,19,11,13,7,8,8,8,7,12,14,0
53,22,34,33,33,38,30,38,44,41,30,38,44,47,44,33,37,38,38,38,34,32,35,0
29,14,55,32,31,32,50,32,23,21,25,20,23,8,11,20,19,21,21,21,19,20,28,1
50,30,28,45,43,52,24,49,50,51,36,45,49,45,52,40,47,46,46,46,38,39,45,0
29,11,11,8,7,6,10,5,7,9,8,6,6,7,7,8,5,6,6,6,11,8,8,1
39,21,47,42,43,32,39,32,31,27,40,26,32,37,40,31,30,26,26,26,22,41,31,0
29,0,15,2,1,3,13,2,3,6,1,3,3,7,7,1,3,3,3,3,9,2,2,1
29,31,52,19,18,18,51,17,25,19,22,19,26,16,22,20,16,18,18,18,15,19,19,1
29,11,17,17,16,11,14,11,1,1,16,14,1,42,57,18,12,14,14,14,8,17,20,1
29,4,14,5,4,5,13,4,3,4,6,5,3,10,17,5,4,5,5,5,7,5,5,1
10,7,6,13,10,12,3,8,11,9,11,7,11,9,12,9,10,7,7,7,13,10,9,1
1,25,14,3,8,2,13,8,4,2,9,12,3,38,39,11,12,12,12,12,2,10,11,1
37,5,43,7,40,10,39,32,34,22,53,22,35,9,13,23,30,22,22,22,21,38,9,1
7,4,7,18,16,13,5,8,10,11,16,8,10,7,6,17,8,8,8,8,6,17,19,1
40,47,57,28,28,30,55,29,20,23,21,25,20,11,6,24,27,25,25,25,21,28,33,1
25,15,33,42,42,50,30,49,44,45,35,46,43,57,35,41,47,48,48,48,50,40,46,0
15,16,1,10,15,7,4,14,17,16,18,18,17,46,35,18,16,18,18,18,16,18,18,0
29,15,51,28,28,27,48,27,27,23,31,23,28,20,27,24,20,23,23,23,22,22,20,1
26,42,40,45,45,45,32,45,38,35,40,35,38,15,25,36,33,36,36,36,33,35,40,0
29,14,1,4,3,16,1,15,16,14,11,16,16,5,5,3,15,16,16,16,2,3,2,1
58,43,25,54,54,58,22,57,53,53,52,58,54,41,33,55,58,58,58,58,51,53,55,0
11,32,4,20,15,19,2,13,14,17,14,10,14,2,3,15,13,11,11,11,1,17,18,1
44,44,44,58,42,57,39,38,34,34,38,36,34,33,33,39,37,34,34,34,31,35,39,0
39,38,36,51,51,43,33,43,42,47,53,44,43,32,48,51,40,42,42,42,42,49,45,0
4,1,16,1,0,7,14,3,2,4,0,3,2,9,12,0,3,3,3,3,9,0,0,1
43,56,56,33,33,36,52,37,22,31,22,32,22,59,10,29,36,33,33,33,27,28,40,0
29,47,59,17,15,14,3,13,19,17,19,17,18,15,27,18,16,18,18,18,14,18,17,1
42,40,23,54,54,48,21,47,55,54,55,51,55,50,53,56,49,50,50,50,48,55,53,0
18,10,37,21,23,21,33,23,41,19,38,20,43,19,31,20,18,20,20,20,19,19,14,0
29,2,0,14,13,10,3,9,18,18,18,15,18,6,6,17,13,15,15,15,7,16,14,1
2,9,1,14,13,12,2,11,16,12,17,14,17,18,30,15,12,14,14,14,12,14,12,1
20,2,6,55,53,40,57,38,12,12,1,4,12,3,2,1,37,4,4,4,34,2,55,1
20,47,51,30,29,32,49,31,26,28,25,27,25,27,22,27,26,30,30,30,24,27,34,0
0,1,18,6,5,2,15,1,0,0,11,2,0,56,57,6,2,2,2,2,0,6,4,1
29,50,32,21,20,21,53,19,46,48,48,51,47,44,35,52,47,49,49,49,52,57,23,0
8,6,7,11,10,11,5,10,11,7,11,10,10,13,27,11,11,10,10,10,8,12,11,1
23,56,41,21,25,21,38,24,37,21,42,21,38,20,37,21,23,21,21,21,19,28,13,0
3,51,10,0,2,0,9,1,8,10,2,1,8,1,0,2,1,1,1,1,5,2,2,1
57,50,24,53,53,56,21,56,54,55,49,55,54,57,49,51,55,56,56,56,50,51,54,0
24,51,47,39,38,41,43,41,31,33,33,39,32,24,20,38,33,37,37,37,40,33,39,0
47,26,46,40,40,47,41,47,32,45,29,40,29,52,32,35,45,43,43,43,59,35,45,0
55,45,20,56,56,58,18,59,58,58,55,58,57,54,49,55,59,59,59,59,59,56,57,0
45,42,38,48,47,47,31,47,40,42,37,42,39,54,39,43,46,42,42,42,32,41,50,0
29,42,44,31,20,30,59,20,34,44,36,45,35,31,42,46,40,43,43,43,43,52,30,0
37,37,41,41,41,35,44,35,37,40,39,43,38,59,38,47,46,40,40,40,41,45,46,1
27,18,50,16,24,14,48,25,27,21,26,24,29,17,38,23,23,21,21,21,25,24,22,1
43,40,19,55,55,56,17,56,59,59,56,56,59,38,58,57,55,56,56,56,56,55,52,0
1,32,15,5,3,2,13,1,2,5,3,1,2,0,4,4,1,1,1,1,7,4,5,1
15,11,9,54,20,54,58,20,9,8,4,3,9,4,3,4,6,3,3,3,4,2,22,0
52,0,19,0,59,4,16,47,59,59,59,48,59,38,59,59,46,46,46,46,41,59,59,1
38,32,59,24,25,26,55,26,19,23,19,23,19,41,29,22,20,23,23,23,21,24,33,1
29,0,16,3,2,8,14,6,1,2,4,8,1,30,48,3,7,9,9,9,0,3,2,1
6,32,3,15,16,14,3,16,14,15,17,18,15,19,44,18,17,18,18,18,8,18,20,1
12,15,59,18,17,18,57,17,19,20,19,18,19,18,10,18,18,18,18,18,10,19,20,1
4,32,17,15,15,2,15,2,1,1,15,2,0,49,44,16,3,3,3,3,1,16,18,1
39,54,35,50,50,53,32,53,43,51,45,51,41,43,36,49,51,52,52,52,45,49,53,0
24,50,44,40,40,32,36,32,33,26,37,25,34,29,40,27,22,24,24,24,22,24,26,0
57,55,21,51,51,55,19,55,56,56,50,53,56,46,54,50,54,55,55,55,52,50,52,0
18,24,59,22,23,21,56,23,18,19,18,18,18,12,29,17,17,19,19,19,14,18,23,0
58,58,25,54,55,43,23,44,52,56,55,46,52,44,57,55,45,47,47,47,53,55,55,0
55,44,38,23,33,25,38,40,39,39,34,42,39,40,21,35,42,43,43,43,33,35,34,0
15,53,49,24,20,23,50,20,29,26,41,26,31,11,22,28,23,25,25,25,25,29,14,0
12,25,7,14,12,12,3,12,10,10,8,8,10,11,9,9,13,8,8,8,13,10,14,0
1,1,8,2,2,1,8,1,10,14,1,1,9,1,0,2,1,1,1,1,3,2,2,1
48,39,35,49,49,44,30,44,43,46,48,41,44,23,50,46,42,41,41,41,51,47,44,1
48,19,28,49,57,51,24,57,49,50,57,56,49,15,29,54,57,56,56,56,52,56,54,1
15,23,0,27,20,24,59,20,17,18,16,19,17,20,42,18,29,19,19,19,17,14,27,0
47,24,42,45,50,47,38,53,36,49,46,50,35,32,45,48,52,49,49,49,58,48,51,1
7,12,11,16,8,18,9,10,7,7,6,10,6,13,29,7,11,11,11,11,5,9,30,1
13,49,58,18,16,18,57,16,20,20,20,19,21,15,18,19,17,19,19,19,19,17,16,0
18,48,57,25,25,29,54,29,21,23,20,25,21,9,15,24,22,25,25,25,24,22,33,0
59,32,41,0,59,19,40,52,36,40,59,53,38,10,12,59,50,52,52,52,34,59,59,1
58,59,25,53,53,59,22,59,53,53,49,58,51,55,18,50,59,59,59,59,34,51,55,1
27,9,53,34,35,32,48,34,25,26,30,25,25,32,25,26,35,26,26,26,25,26,33,0
15,5,9,26,20,24,56,20,9,3,4,6,9,18,36,4,6,7,7,7,6,1,17,0
56,2,27,19,28,19,25,26,51,42,33,29,51,42,57,31,26,29,29,29,34,30,24,0
15,11,19,20,19,20,18,19,59,57,54,28,59,34,59,46,25,28,28,28,42,46,11,0
37,32,59,3,25,2,58,24,18,21,18,21,18,26,17,22,22,21,21,21,20,24,33,1
49,32,39,35,54,31,35,51,39,43,48,50,41,32,24,53,47,48,48,48,41,53,56,1
43,46,24,55,55,51,21,50,54,53,55,49,53,33,53,54,48,50,50,50,57,54,53,0
54,21,27,46,57,50,24,58,51,52,55,57,50,57,24,56,58,58,58,58,55,56,58,0
38,23,59,25,24,27,57,25,19,22,19,22,18,52,13,22,23,22,22,22,21,23,33,1
46,0,20,1,59,17,19,42,58,59,59,52,58,34,58,59,53,52,52,52,35,59,59,1
24,51,27,39,38,44,25,44,51,48,39,44,50,49,43,40,44,46,46,46,39,39,39,0
29,32,10,11,9,9,9,8,7,11,10,8,7,10,11,11,7,8,8,8,11,10,11,1
16,39,34,20,20,20,58,20,44,45,29,51,45,49,35,39,48,48,48,48,45,44,29,0
23,30,41,36,36,37,44,37,36,38,37,42,35,45,22,41,41,43,43,43,47,40,39,0
9,32,3,0,0,3,0,2,15,1,0,1,15,39,37,0,2,1,1,1,35,0,0,1
41,15,53,38,38,37,48,38,24,28,28,33,25,17,17,33,37,31,31,31,30,35,41,1
54,51,41,52,52,41,40,40,36,45,47,21,18,29,48,21,40,41,41,41,20,50,54,1
54,51,28,46,48,52,25,53,50,52,43,52,49,54,45,47,52,52,52,52,42,46,50,0
29,5,54,25,25,26,41,26,23,19,19,20,24,55,45,20,18,20,20,20,19,20,28,1
1,8,7,14,11,15,11,13,10,14,14,18,10,58,44,16,16,18,18,18,15,16,15,1
30,24,39,21,20,21,33,20,39,41,40,49,40,58,27,47,46,47,47,47,39,53,30,0
40,39,24,52,52,55,20,55,54,53,49,52,53,42,45,48,52,53,53,53,54,48,51,0
30,3,8,7,7,4,6,3,10,13,7,3,10,2,1,6,3,3,3,3,6,6,7,1
39,18,21,50,50,54,19,54,57,57,51,55,56,55,52,52,55,56,56,56,42,52,52,0
59,49,20,54,55,55,18,55,58,57,56,55,58,55,56,55,55,56,56,56,52,55,54,0
25,27,45,56,35,38,49,25,33,34,55,46,43,20,38,58,33,32,32,32,53,47,13,0
23,44,39,36,36,42,40,42,39,41,36,48,40,20,27,43,45,46,46,46,52,39,38,0
30,8,8,14,13,16,5,15,9,11,8,13,9,18,26,11,11,13,13,13,12,10,17,1
45,11,58,21,23,21,59,23,19,24,19,25,19,34,35,23,22,24,24,24,35,22,31,0
39,18,21,51,51,47,18,47,57,56,51,49,58,39,58,52,45,47,47,47,49,50,49,0
9,15,8,12,9,16,6,14,10,9,7,16,11,31,43,10,15,15,15,15,11,8,11,1
13,1,39,17,16,17,57,15,39,27,26,23,39,53,51,23,22,24,24,24,23,23,17,0
27,9,57,45,46,39,48,41,20,21,24,21,21,17,14,21,40,21,21,21,20,37,46,0
30,55,51,37,23,34,55,23,27,32,33,35,28,16,28,38,30,33,33,33,40,44,23,0
26,49,47,44,44,44,46,44,31,34,41,43,30,6,7,44,42,44,44,44,48,43,46,0
21,42,49,31,31,30,49,30,28,27,35,32,29,6,7,32,26,30,30,30,42,29,23,0
46,56,20,57,57,59,17,59,58,58,56,59,58,51,47,56,59,59,59,59,57,57,57,0
26,23,31,44,44,51,28,50,47,44,43,47,46,28,29,42,48,49,49,49,43,42,43,0
38,47,23,51,51,48,21,48,55,55,56,53,55,39,53,55,51,53,53,53,54,54,47,0
3,2,16,0,0,3,14,2,2,3,0,3,2,9,14,0,3,3,3,3,5,0,0,1
52,56,49,42,41,38,48,38,29,35,37,39,28,23,18,41,38,39,39,39,39,40,45,0
36,23,22,47,46,54,19,54,56,55,46,55,57,25,47,49,53,54,54,54,56,46,46,0
50,32,44,48,47,50,40,50,34,38,40,49,35,57,13,48,48,47,47,47,45,44,51,1
45,49,38,26,33,27,35,35,39,39,39,34,40,41,40,32,34,33,33,33,28,33,22,0
39,17,46,44,46,30,42,31,32,25,54,27,33,8,19,35,29,26,26,26,53,45,12,0
19,52,36,27,27,25,33,25,42,26,47,25,44,21,46,26,22,24,24,24,27,24,12,0
19,20,44,25,26,28,42,27,33,24,31,26,34,12,17,25,23,25,25,25,30,23,20,0
45,13,40,3,29,4,37,26,38,27,51,26,39,14,31,29,24,25,25,25,28,28,10,0
59,46,25,39,38,56,22,56,53,54,32,57,54,59,43,42,56,56,56,56,35,38,44,0
30,20,53,29,29,32,50,31,25,32,23,30,25,18,37,29,25,29,29,29,45,26,34,1
26,8,56,29,27,27,54,25,21,21,28,10,12,9,12,9,24,21,21,21,35,26,21,0
51,15,53,2,43,6,52,28,25,35,44,29,25,10,21,41,26,29,29,29,43,41,35,0
11,32,4,16,16,13,2,14,13,16,15,13,14,30,11,16,15,13,13,13,16,17,19,1
10,13,3,2,15,3,0,16,15,16,16,18,15,30,40,16,17,18,18,18,17,17,17,0
23,47,30,36,35,32,27,32,48,42,41,35,49,31,41,39,31,34,34,34,30,36,27,0
41,44,41,17,27,17,38,26,37,31,33,26,38,28,43,28,25,26,26,26,27,26,21,0
18,27,44,22,23,23,43,23,34,25,25,24,35,27,35,23,21,24,24,24,24,22,22,0
53,7,35,37,38,41,32,43,43,40,38,41,43,44,34,38,41,42,42,42,48,37,37,0
23,22,26,35,35,27,24,27,52,47,44,30,52,47,57,39,27,31,31,31,29,38,23,0
38,46,25,49,49,50,22,50,53,51,51,49,53,43,46,49,49,50,50,50,49,48,46,0
11,21,2,9,9,13,59,12,16,2,15,12,13,27,55,7,12,13,13,13,9,8,6,0
47,55,42,56,56,50,36,50,36,43,51,43,34,19,39,51,48,45,45,45,58,52,57,0
14,41,53,20,18,19,50,18,25,17,23,20,27,28,37,20,17,19,19,19,18,19,19,0
30,10,18,3,2,3,16,3,0,0,3,3,0,43,58,2,3,4,4,4,7,2,2,0
30,32,21,58,59,58,18,59,57,57,59,59,57,6,6,59,59,59,59,59,35,59,59,1
30,8,45,44,44,39,41,39,33,34,41,35,32,17,19,39,33,36,36,36,34,38,41,1
13,32,4,23,18,24,1,17,13,17,16,17,14,11,19,18,15,17,17,17,17,20,28,1
39,1,56,1,47,1,49,38,22,26,28,31,22,59,15,35,37,29,29,29,45,32,49,1
14,3,7,20,18,20,56,18,10,1,5,5,10,21,39,5,4,5,5,5,3,5,16,0
52,23,39,37,40,42,37,45,39,45,37,45,38,50,33,40,46,46,46,46,47,40,41,0
55,13,34,11,33,9,32,33,43,38,41,36,45,31,36,36,32,35,35,35,41,33,22,0
52,43,31,37,36,45,28,44,47,42,42,45,48,43,26,38,43,43,43,43,49,35,25,0
18,1,26,24,24,23,23,23,52,30,35,23,52,22,57,24,21,23,23,23,35,23,17,0
14,28,57,24,17,23,1,18,21,26,23,29,21,27,22,33,36,27,27,27,28,30,26,1
44,18,52,23,39,23,48,41,26,30,28,37,26,11,11,36,39,35,35,35,29,37,44,1
52,49,31,44,45,48,28,50,47,50,43,49,47,30,46,45,50,50,50,50,50,45,47,0
21,19,38,32,32,27,36,27,40,36,41,28,40,19,40,33,25,29,29,29,47,31,20,0
0,32,10,7,11,1,9,3,8,10,13,4,8,3,3,13,3,4,4,4,1,13,13,1
0,26,5,15,11,15,5,10,13,17,11,12,13,2,4,13,10,12,12,12,10,13,15,1
41,50,21,53,53,51,18,51,57,56,53,52,58,37,56,53,49,51,51,51,54,51,49,0
30,41,37,38,37,36,35,36,41,37,41,40,42,39,32,41,35,38,38,38,52,36,33,1
4,53,15,10,9,5,12,4,3,5,9,4,3,54,12,10,4,5,5,5,11,9,10,1
1,32,11,3,2,4,10,3,6,9,2,4,6,3,3,3,3,4,4,4,3,3,3,1
7,2,11,13,6,15,9,8,7,8,4,7,6,7,12,6,11,7,7,7,6,7,8,1
41,16,56,37,34,32,53,31,21,27,22,26,20,53,28,28,30,28,28,28,22,34,41,1
16,22,26,31,20,30,23,20,52,25,55,25,53,40,41,26,22,24,24,24,24,29,6,0
2,32,16,6,7,4,14,4,1,3,7,6,1,59,33,8,5,6,6,6,9,8,9,1
4,4,0,10,4,19,0,15,18,6,12,17,18,23,50,4,16,17,17,17,15,5,3,1
50,53,19,59,59,58,17,58,58,58,58,58,58,55,51,58,58,58,58,58,56,58,59,0
51,14,49,32,31,37,47,37,29,33,26,37,29,49,16,32,36,37,37,37,41,31,36,0
26,45,58,32,26,36,54,29,19,21,19,21,20,7,6,21,27,21,21,21,20,26,32,0
30,59,18,57,58,59,16,59,37,37,56,59,37,34,59,57,59,59,59,59,35,57,58,1
18,55,50,24,25,35,49,35,27,30,20,34,26,51,13,25,32,35,35,35,26,23,32,0
55,51,38,46,46,48,37,46,40,42,44,45,38,47,26,45,46,47,47,47,44,45,47,0
58,4,29,48,51,54,27,56,49,49,50,56,48,49,25,51,56,56,56,56,59,51,53,1
2,18,15,7,6,4,13,4,3,4,7,4,3,45,15,7,4,4,4,4,12,7,7,1
7,42,10,15,13,11,8,10,7,11,13,10,7,15,18,15,10,10,10,10,13,15,18,1
59,33,20,53,54,54,17,55,58,58,53,55,58,56,57,54,55,56,56,56,59,54,55,1
54,41,40,49,48,50,38,49,38,39,44,47,36,59,18,47,47,48,48,48,53,46,51,0
27,25,53,33,30,39,43,35,25,24,22,22,25,37,47,22,36,23,23,23,21,25,34,0
0,0,59,0,0,17,59,17,18,19,21,20,18,57,40,0,18,20,20,20,19,0,0,1
30,52,31,46,46,53,28,53,47,49,47,52,47,22,33,46,53,54,54,54,51,46,45,1
42,25,33,58,48,59,26,56,45,42,39,29,33,41,22,26,56,50,50,50,35,39,48,1
49,37,47,37,36,46,44,45,31,35,29,45,32,14,16,37,44,42,42,42,52,33,41,0
18,54,45,25,25,24,41,24,33,21,33,21,34,43,45,21,19,21,21,21,20,20,18,0
10,23,12,9,9,9,8,9,6,10,7,7,6,7,10,8,17,8,8,8,10,9,11,1
47,33,47,0,59,16,43,46,31,34,59,44,31,17,10,59,45,42,42,42,46,59,59,1
53,24,41,59,50,58,38,46,37,43,47,44,36,40,37,48,44,45,45,45,31,48,51,0
30,5,57,40,40,36,56,36,21,41,32,40,21,35,47,43,34,38,38,38,25,39,45,0
49,45,34,39,41,46,35,48,44,44,42,50,43,24,24,44,52,51,51,51,47,44,42,1
30,47,53,29,29,31,51,30,25,26,26,29,25,41,13,28,25,29,29,29,23,26,31,1
47,43,38,41,39,38,34,36,40,37,42,35,41,28,38,37,35,34,34,34,32,38,27,0
19,17,56,27,27,24,54,25,22,23,33,26,23,6,7,30,21,23,23,23,32,23,19,0
44,46,23,33,39,44,19,52,55,53,30,47,55,38,56,37,51,45,45,45,46,33,42,0
39,33,59,23,24,24,57,24,19,22,19,21,19,5,6,21,21,22,22,22,20,22,28,1
13,7,5,19,14,20,1,16,12,13,8,15,13,32,22,10,19,14,14,14,15,12,18,1
30,11,25,42,42,47,22,48,53,53,38,48,53,56,53,43,47,49,49,49,48,41,46,0
2,33,15,11,10,11,13,10,3,5,10,12,3,55,45,12,10,12,12,12,16,11,12,1
3,13,16,1,1,0,13,0,2,4,1,0,2,1,1,1,0,0,0,0,3,1,1,1
54,41,36,38,41,35,36,39,41,41,43,40,41,33,37,42,40,41,41,41,39,42,38,0
5,33,7,4,2,9,6,7,10,10,3,8,10,7,9,2,8,8,8,8,9,3,2,1
47,50,43,43,35,52,38,44,35,37,29,37,32,40,25,31,43,40,40,40,40,35,40,0
16,28,56,26,20,26,55,20,22,23,21,22,22,39,32,22,20,22,22,22,22,21,24,0
43,33,50,30,32,42,45,45,28,32,23,38,27,8,8,29,45,40,40,40,58,31,38,1
6,33,58,14,12,13,56,12,20,15,20,14,20,21,17,14,13,14,14,14,14,14,10,1
41,19,49,28,37,25,46,30,29,27,43,28,30,20,25,32,29,27,27,27,39,36,20,0
42,46,40,20,38,20,37,33,38,36,44,32,38,33,34,35,35,33,33,33,38,35,23,0
30,16,11,10,9,9,8,8,6,5,9,9,7,22,31,9,7,8,8,8,9,8,10,1
7,7,4,11,11,10,2,11,14,13,14,13,14,16,17,13,12,12,12,12,14,13,11,1
59,58,19,59,58,59,16,59,59,59,58,59,59,58,58,58,59,59,59,59,56,58,59,0
4,28,1,16,15,16,3,15,17,20,16,19,17,3,5,18,18,19,19,19,18,18,19,1
24,12,57,38,38,29,53,28,21,24,26,25,21,13,28,27,22,24,24,24,26,25,39,0
20,21,43,29,29,45,38,45,35,35,23,43,36,43,18,30,38,41,41,41,38,27,35,0
8,33,10,4,1,10,7,6,8,12,1,5,8,4,2,1,4,5,5,5,3,2,2,1
5,33,8,10,11,2,7,4,9,12,13,5,9,4,3,13,5,5,5,5,4,13,13,1
51,16,29,57,57,55,25,56,49,52,54,55,50,56,42,57,55,54,54,54,56,56,58,0
57,33,28,57,57,57,25,57,50,55,55,58,51,27,21,58,57,57,57,57,56,56,57,1
6,19,7,17,14,13,6,8,11,14,14,9,11,6,6,15,9,9,9,9,10,15,16,1
44,52,39,56,56,43,34,43,39,47,50,43,40,30,52,54,38,41,41,41,41,52,57,0
43,39,50,38,37,38,48,36,28,32,32,37,29,14,18,38,38,35,35,35,39,37,39,0
37,42,35,47,47,52,31,51,43,47,43,47,41,26,41,44,47,48,48,48,46,44,48,0
20,47,46,28,28,31,41,30,32,28,28,26,32,36,35,25,23,26,26,26,23,24,25,0
4,20,12,9,9,7,14,6,6,10,13,14,6,18,42,16,14,15,15,15,6,15,11,1
42,51,42,48,48,52,35,52,36,39,42,40,35,15,31,39,50,41,41,41,43,41,46,0
54,40,25,50,48,56,22,55,53,54,44,54,53,56,44,48,55,55,55,55,57,46,50,0
50,33,22,49,51,37,20,39,56,56,52,46,57,59,58,55,44,44,44,44,35,53,53,1
49,50,36,22,24,22,34,25,42,27,31,25,43,26,48,24,23,25,25,25,25,23,19,0
30,16,32,58,45,50,43,32,46,49,57,50,47,22,45,58,47,48,48,48,54,57,42,0
16,28,19,34,20,44,17,20,59,49,59,55,59,56,34,45,56,54,54,54,43,52,1,0
39,21,30,51,50,50,30,50,48,48,52,52,47,46,31,53,52,53,53,53,48,53,52,0
9,6,6,13,12,9,5,9,12,11,11,9,12,59,9,13,11,10,10,10,13,12,16,1
2,2,17,4,3,0,15,0,0,0,3,0,0,34,10,3,0,0,0,0,1,3,4,0
30,23,1,18,16,17,0,16,17,17,17,16,17,14,21,17,15,17,17,17,17,16,19,1
18,56,57,24,25,28,55,28,20,23,20,24,20,10,10,23,21,24,24,24,22,21,31,0
1,15,8,13,13,9,7,10,9,1,18,12,9,42,57,16,10,12,12,12,5,15,13,1
42,46,46,47,42,45,41,39,31,32,39,33,32,13,29,34,38,33,33,33,31,40,35,0
0,33,18,7,6,1,15,0,0,0,6,1,0,48,32,7,1,1,1,1,3,7,7,1
31,39,25,41,41,38,23,37,53,50,44,44,54,32,52,46,38,41,41,41,58,42,38,1
31,5,56,34,51,22,55,25,22,24,58,26,22,9,20,53,22,25,25,25,35,50,17,1
31,43,21,54,54,37,19,36,57,56,56,36,57,19,49,52,34,37,37,37,53,52,46,1
22,14,1,38,29,40,51,31,16,18,17,17,16,10,17,18,34,17,17,17,17,17,33,0
40,30,27,52,52,49,23,49,51,51,53,46,51,27,47,50,45,47,47,47,45,49,47,0
36,33,52,38,35,45,51,41,26,31,27,38,23,21,7,33,50,40,40,40,30,33,42,1
51,13,35,47,47,50,31,50,43,41,44,47,42,39,26,45,48,47,47,47,33,46,48,1
20,44,36,29,29,31,30,31,42,33,27,29,43,43,47,28,25,29,29,29,25,26,28,0
51,56,36,47,47,46,35,46,42,43,44,46,40,37,33,47,47,47,47,47,53,47,49,0
53,47,34,52,51,59,31,59,43,47,46,59,40,1,1,48,59,59,59,59,58,49,54,1
54,26,27,55,56,54,25,55,50,58,54,56,51,43,36,56,54,55,55,55,44,54,56,1
16,22,54,27,20,27,59,20,23,29,22,32,24,54,30,32,26,31,31,31,24,36,30,0
16,53,45,27,20,27,59,20,32,37,33,42,33,33,29,43,39,40,40,40,43,50,29,0
31,10,55,32,31,27,53,27,23,25,28,24,22,33,27,26,23,25,25,25,25,27,33,1
5,8,13,1,1,3,10,2,5,4,1,2,5,5,4,1,2,2,2,2,35,1,1,1
27,33,25,12,28,3,18,37,53,4,22,20,54,57,58,21,36,20,20,20,35,21,28,1
25,28,37,41,41,46,32,46,41,38,42,40,41,16,28,37,39,41,41,41,45,35,34,0
0,1,18,1,1,0,16,0,0,0,1,0,0,46,8,1,0,0,0,0,35,1,1,1
31,14,14,13,11,8,11,7,4,4,12,7,4,10,25,13,6,7,7,7,3,12,13,1
27,12,44,34,35,27,44,28,34,34,47,30,34,37,46,38,32,31,31,31,33,44,17,0
31,7,54,29,29,31,50,31,24,25,25,23,23,29,20,23,23,26,26,26,21,23,29,1
27,41,53,45,47,37,43,39,24,21,35,21,25,16,42,21,38,21,21,21,20,34,40,0
13,56,3,16,14,13,2,12,15,14,15,12,13,31,17,14,11,13,13,13,9,14,16,0
14,37,29,19,17,20,28,18,49,23,31,22,50,37,57,22,20,21,21,21,21,21,16,0
23,58,33,35,35,43,30,43,45,40,36,43,45,37,30,36,42,44,44,44,54,34,32,0
44,16,50,25,26,28,49,30,27,29,21,28,27,56,29,26,29,30,30,30,28,25,32,1
25,27,28,42,42,42,26,42,49,49,39,42,49,52,45,43,41,43,43,43,39,41,45,0
16,54,12,44,20,28,58,20,6,1,2,11,6,23,56,3,13,11,11,11,5,1,24,0
23,24,55,35,34,26,45,25,23,4,40,17,24,19,53,12,15,17,17,17,4,11,9,0
52,13,37,43,38,43,40,38,41,44,36,42,39,56,39,43,43,44,44,44,30,43,44,1
4,29,7,2,8,2,6,8,11,12,10,10,10,9,13,9,9,10,10,10,0,10,8,1
10,26,6,12,15,8,3,13,12,14,15,12,12,31,13,15,14,12,12,12,16,16,18,1
1,2,17,10,7,5,14,2,1,1,8,3,1,42,33,9,3,3,3,3,2,9,8,1
4,33,4,9,11,8,4,10,13,10,14,11,14,9,16,12,10,11,11,11,4,12,11,1
1,9,15,10,9,4,12,3,3,6,9,4,3,8,8,10,3,4,4,4,5,10,11,1
6,4,9,1,1,9,7,8,8,13,1,8,8,6,6,1,8,8,8,8,35,1,1,1
59,52,20,57,56,59,18,59,58,58,55,59,58,52,47,57,59,59,59,59,59,56,57,0
36,24,33,47,46,48,29,48,45,44,47,44,45,24,36,44,43,45,45,45,50,43,41,0
18,21,45,22,23,24,46,24,33,27,22,26,32,20,31,23,23,26,26,26,23,22,25,0
19,58,4,41,31,39,58,30,14,18,7,7,14,35,1,8,28,7,7,7,35,30,37,0
31,8,12,5,4,7,11,6,5,6,6,7,5,9,15,5,6,7,7,7,11,4,4,1
21,19,50,31,30,40,44,40,28,26,24,27,27,8,8,25,25,29,29,29,26,24,32,0
25,52,38,44,43,51,35,51,40,40,40,52,42,31,14,45,48,50,50,50,47,41,45,0
3,28,17,3,3,4,15,4,0,1,3,5,0,40,47,3,5,5,5,5,10,3,4,1
31,9,4,16,14,12,4,11,13,11,16,12,14,17,23,16,10,12,12,12,9,15,15,1
11,22,2,13,10,16,56,12,16,14,12,9,16,5,5,7,13,9,9,9,5,7,7,0
24,53,46,38,37,41,38,41,32,33,27,34,31,49,30,32,31,35,35,35,27,30,41,0
53,22,25,54,55,53,22,53,53,53,50,51,52,58,50,52,52,52,52,52,38,53,56,0
10,41,8,12,12,11,5,13,10,12,10,12,10,8,10,12,13,12,12,12,13,14,16,1
49,57,27,57,57,56,23,55,51,51,54,53,50,59,41,55,56,54,54,54,34,56,58,0
31,9,2,15,13,17,55,15,16,13,15,13,16,12,20,10,12,13,13,13,12,10,10,1
7,12,8,6,10,5,7,8,9,12,8,8,8,5,5,9,8,9,9,9,10,11,12,1
31,10,48,59,59,58,38,58,29,31,58,51,28,2,1,55,53,54,54,54,43,57,59,1
48,23,41,50,53,42,37,45,37,45,53,41,37,21,43,48,44,42,42,42,42,50,45,0
18,38,39,23,24,23,40,24,38,29,30,24,38,42,42,24,24,27,27,27,24,25,21,0
2,33,5,6,5,2,5,1,13,16,4,1,13,0,0,5,1,1,1,1,5,5,5,1
0,56,9,4,9,5,8,11,9,3,15,13,9,20,50,11,11,13,13,13,8,11,8,1
0,33,16,11,5,16,14,10,2,3,6,13,2,35,51,7,10,13,13,13,11,6,6,1
31,7,2,19,18,18,4,17,15,19,18,20,16,57,36,20,18,19,19,19,16,20,27,1
2,7,14,1,1,0,12,0,3,6,1,0,4,1,0,1,0,0,0,0,0,1,1,1
37,45,58,18,25,19,56,24,20,23,22,23,20,8,14,24,22,22,22,22,23,26,27,1
11,58,0,15,16,15,0,16,17,16,16,17,17,1,4,17,18,17,17,17,18,19,21,1
13,41,9,43,14,43,3,14,9,10,11,11,9,20,25,12,23,11,11,11,6,12,16,0
31,20,3,22,24,24,58,24,14,18,8,4,14,0,0,9,3,4,4,4,7,9,26,1
45,6,56,29,27,34,54,32,21,27,20,32,21,37,15,28,35,30,30,30,27,27,36,1
31,19,16,13,11,1,14,1,2,4,11,1,2,0,2,13,1,1,1,1,7,13,15,1
21,39,55,31,31,32,54,32,23,28,24,31,21,51,9,30,29,33,33,33,49,30,38,0
57,6,21,8,59,13,19,58,57,59,59,57,56,43,46,59,58,58,58,58,55,59,59,1
56,22,36,45,45,51,34,49,42,43,40,48,41,52,28,44,48,49,49,49,53,43,48,0
24,51,49,38,38,31,47,30,28,30,35,29,28,18,36,35,26,30,30,30,47,33,36,0
49,0,28,33,32,35,24,35,50,48,32,33,50,28,54,31,33,34,34,34,55,31,31,0
31,4,17,1,1,1,15,2,1,1,1,21,22,51,34,21,3,3,3,3,20,2,2,1
31,27,29,23,24,23,26,24,49,33,31,25,50,48,56,24,22,25,25,25,26,24,19,0
5,34,15,13,10,5,13,2,2,3,9,2,2,58,11,11,2,2,2,2,1,11,12,1
20,44,35,28,28,35,34,34,43,39,28,36,43,43,33,30,33,37,37,37,39,29,32,0
21,40,51,31,30,26,47,26,27,21,37,21,27,28,34,20,19,21,21,21,19,20,16,0
48,49,26,57,56,52,21,51,52,59,52,49,53,34,53,55,50,47,47,47,54,53,57,0
44,53,43,23,24,23,45,24,34,29,25,25,33,49,47,24,24,26,26,26,23,24,25,0
46,1,43,21,25,22,40,28,35,28,24,29,36,58,33,26,26,28,28,28,25,25,26,1
16,17,57,27,20,30,58,20,20,25,19,26,21,17,25,25,35,25,25,25,26,27,29,0
19,23,22,25,25,22,23,23,56,54,50,33,56,44,58,48,30,33,33,33,30,46,17,0
31,54,49,32,31,30,45,29,29,27,30,28,30,18,21,29,24,28,28,28,28,27,29,1
3,24,12,8,7,6,10,5,5,7,8,7,7,10,14,10,6,6,6,6,5,9,8,1
57,51,19,58,58,58,17,58,58,59,57,58,58,36,56,58,58,58,58,58,55,58,58,0
22,34,19,19,24,19,17,23,58,16,52,18,58,31,58,16,20,20,20,20,35,22,8,1
41,40,39,53,53,46,34,46,39,47,49,42,38,36,48,49,40,43,43,43,34,49,53,0
21,18,45,32,31,36,40,36,33,26,35,29,33,7,7,27,26,30,30,30,28,25,21,0
56,0,23,38,37,41,21,39,55,53,37,43,55,58,57,41,39,41,41,41,36,36,37,1
37,40,47,47,47,36,42,36,31,31,46,31,31,28,28,38,28,32,32,32,29,37,39,0
6,34,10,0,1,2,6,4,7,3,3,5,7,11,24,1,5,5,5,5,0,1,0,1
26,17,47,43,43,42,38,42,31,32,30,35,32,55,29,36,31,33,33,33,28,33,45,0
52,0,18,59,0,0,16,59,37,37,0,59,37,35,59,0,59,59,59,59,36,0,0,1
12,51,10,13,11,10,8,8,8,11,12,11,10,21,9,14,8,10,10,10,6,12,14,0
42,21,50,37,35,38,42,37,28,34,23,32,26,53,36,30,36,32,32,32,26,29,41,0
41,42,35,52,47,57,27,55,43,46,42,42,42,25,42,36,55,46,46,46,45,39,44,0
22,17,39,36,35,39,37,38,38,34,37,38,39,11,10,35,35,38,38,38,31,33,29,0
6,34,1,15,13,17,2,15,16,20,13,17,16,1,5,15,16,17,17,17,17,15,18,1
49,48,40,43,43,49,36,48,38,39,38,44,37,17,23,40,47,45,45,45,47,40,43,0
45,59,45,19,28,19,47,26,32,31,31,31,33,47,38,33,27,29,29,29,32,30,25,0
23,20,40,36,36,29,38,28,38,36,41,31,38,26,48,38,27,31,31,31,33,36,28,0
16,48,38,20,20,20,33,20,40,42,32,53,41,21,16,42,52,52,52,52,50,47,30,0
43,30,54,43,37,39,49,34,24,29,26,28,23,22,29,30,32,30,30,30,25,30,43,0
3,34,15,10,12,1,13,1,2,4,12,1,2,5,5,13,2,1,1,1,6,13,15,1
1,11,13,8,7,6,12,5,4,3,8,6,4,7,11,8,6,6,6,6,7,8,9,1
16,43,15,48,21,40,59,20,3,2,10,14,3,32,50,12,13,14,14,14,14,7,29,0
32,6,0,2,2,7,0,8,18,1,2,10,18,35,0,2,9,10,10,10,36,2,3,1
13,21,0,15,15,19,54,18,18,17,15,21,24,12,26,21,19,17,17,17,20,7,7,1
16,54,53,25,21,24,55,21,25,28,30,29,26,15,21,31,26,28,28,28,32,34,21,0
22,10,45,34,34,33,44,33,33,30,39,31,31,22,21,32,29,33,33,33,44,32,25,0
44,49,25,56,56,55,22,55,53,53,56,54,53,50,38,56,54,55,55,55,53,55,56,0
4,15,14,10,4,0,12,0,3,6,4,0,3,0,0,4,0,0,0,0,36,5,6,0
16,24,37,28,21,31,37,21,41,27,45,29,42,45,20,28,28,27,27,27,24,32,12,0
9,15,5,15,13,15,3,12,13,15,12,11,13,13,9,13,13,12,12,12,10,13,15,0
39,26,57,35,50,34,50,51,21,25,29,34,21,0,2,34,49,33,33,33,39,31,51,0
49,10,30,59,58,57,27,57,48,58,58,58,49,36,56,59,57,57,57,57,55,58,58,0
14,18,59,19,19,18,56,19,18,20,19,18,19,10,13,19,19,18,18,18,18,19,23,0
16,53,37,55,21,53,59,21,40,43,46,49,42,30,32,52,46,47,47,47,47,57,30,0
10,34,3,18,18,11,2,15,14,18,18,15,15,2,5,20,14,15,15,15,36,20,28,1
32,16,11,12,10,6,12,5,7,8,13,9,7,14,20,14,7,9,9,9,9,13,12,1
22,46,49,35,34,40,45,40,28,32,27,34,28,20,21,31,31,35,35,35,30,30,38,0
58,12,27,52,53,53,24,53,51,52,50,54,52,55,44,54,52,53,53,53,56,51,54,0
42,46,55,18,42,19,49,39,23,33,26,33,23,14,29,34,38,33,33,33,31,40,47,1
32,12,54,23,24,25,54,25,23,25,21,28,24,11,10,25,23,26,26,26,25,22,27,1
4,27,4,16,14,11,5,9,13,15,15,10,13,6,6,16,9,10,10,10,11,15,15,0
16,9,40,22,21,21,53,21,38,39,26,31,39,46,54,33,27,30,30,30,44,37,26,0
40,59,56,24,26,22,54,24,22,23,25,23,22,19,38,24,22,23,23,23,22,25,25,0
32,41,58,28,27,25,57,25,20,22,32,24,20,2,1,25,20,23,23,23,23,23,20,1
57,24,24,56,56,56,21,57,54,54,56,57,55,49,41,57,56,57,57,57,56,56,56,0
24,22,33,38,37,41,29,41,45,41,36,37,44,42,38,35,38,40,40,40,29,35,37,0
26,49,31,44,44,47,28,46,47,45,43,45,47,27,38,43,44,46,46,46,46,41,42,0
16,50,51,22,21,22,59,21,26,36,28,37,27,36,36,37,41,36,36,36,29,44,29,0
32,26,23,47,47,48,27,48,55,56,55,57,55,49,45,57,57,57,57,57,36,57,50,0
57,29,26,41,34,49,24,42,51,48,34,45,52,46,52,38,40,42,42,42,50,34,36,1
12,17,6,14,14,14,57,15,11,10,11,11,13,14,17,11,15,10,10,10,13,12,13,1
16,28,45,22,21,22,34,21,32,44,34,48,33,28,38,44,48,46,46,46,46,48,30,0
4,57,16,2,2,5,13,4,2,2,3,4,2,17,34,2,4,4,4,4,4,2,1,0
32,9,27,39,39,40,31,40,51,50,48,51,51,50,38,49,51,52,52,52,48,49,39,1
7,34,2,16,14,17,2,14,15,19,13,15,15,3,4,15,14,15,15,15,16,15,19,1
52,43,44,30,29,41,43,40,34,30,30,41,35,5,5,31,38,39,39,39,44,29,26,1
59,34,48,24,26,35,48,40,30,46,21,40,29,49,50,28,38,41,41,41,39,26,34,1
37,4,50,30,30,30,46,29,28,23,33,23,29,11,23,23,28,23,23,23,25,22,20,1
3,7,4,17,15,11,4,10,14,10,18,13,14,50,32,17,11,13,13,13,17,17,17,0
32,10,6,47,47,51,46,51,12,15,11,9,11,3,4,12,9,10,10,10,10,12,50,1
46,56,36,42,41,47,32,45,42,39,46,39,42,38,31,36,44,41,41,41,38,39,20,0
9,26,6,12,15,8,3,13,11,14,15,12,12,31,14,15,13,12,12,12,16,16,18,0
0,34,17,3,4,6,15,7,0,0,5,8,0,54,58,4,7,9,9,9,13,4,3,1
38,5,32,50,50,44,31,44,46,45,49,49,46,49,40,53,45,47,47,47,51,50,51,0
9,34,8,4,3,3,5,2,10,12,2,1,10,2,0,2,2,1,1,1,0,3,4,1
22,53,22,35,34,30,24,30,55,54,45,40,55,51,57,46,39,41,41,41,48,46,35,0
22,42,39,34,33,33,36,33,39,33,38,34,40,44,34,35,30,33,33,33,27,32,25,0
1,49,6,8,10,7,6,9,12,13,13,11,12,26,15,13,9,11,11,11,15,12,10,0
47,6,40,41,40,53,36,52,38,42,32,51,39,45,23,40,51,48,48,48,43,39,43,1
32,54,24,51,52,50,21,50,54,53,52,49,54,57,52,51,49,50,50,50,51,51,50,0
32,48,52,40,39,30,46,30,26,24,34,24,26,8,15,27,21,23,23,23,23,24,29,1
55,44,29,47,49,48,27,50,48,51,49,51,50,30,49,50,48,49,49,49,57,47,47,0
8,7,3,15,11,16,2,12,15,16,14,12,15,12,8,12,13,12,12,12,15,13,11,1
2,23,5,36,13,37,6,11,12,9,16,13,11,42,38,14,12,13,13,13,14,14,13,1
32,39,16,0,0,0,14,0,1,3,0,0,1,0,0,0,0,0,0,0,0,0,0,1
21,22,30,32,32,29,27,29,47,39,39,28,47,24,46,30,26,31,31,31,29,31,21,0
24,20,0,12,26,6,51,31,18,19,18,17,18,6,8,19,29,17,17,17,14,19,28,1
32,3,23,44,44,41,20,41,55,52,45,41,55,56,56,43,40,42,42,42,36,42,40,0
11,10,14,9,8,10,9,9,4,4,4,6,4,13,16,5,9,6,6,6,11,5,10,1
7,59,6,14,13,10,5,10,12,12,14,10,12,18,12,14,10,10,10,10,14,14,13,1
46,54,45,38,39,35,42,36,33,33,42,33,32,17,25,35,36,34,34,34,33,39,27,0
32,37,4,9,8,12,4,11,14,3,12,13,14,16,39,9,11,13,13,13,6,9,7,1
27,57,30,46,46,44,26,44,48,48,46,41,48,43,49,44,39,42,42,42,33,43,42,0
51,25,33,31,41,37,32,50,44,44,36,50,43,47,27,41,51,51,51,51,50,41,44,0
16,1,17,59,21,59,54,21,1,2,3,2,1,24,17,3,2,2,2,2,2,1,20,0
42,56,52,19,33,19,48,34,25,28,27,30,25,12,15,29,33,30,30,30,25,31,36,0
20,30,54,27,30,26,51,28,24,24,29,23,24,16,23,24,45,24,24,24,22,29,26,1
41,52,28,53,53,45,25,45,50,49,52,45,50,44,46,52,44,46,46,46,44,52,52,0
19,24,55,26,26,25,49,25,22,19,25,19,24,25,30,19,17,19,19,19,15,18,19,0
7,34,9,8,8,5,7,4,9,13,6,3,8,1,1,7,5,3,3,3,8,8,9,1
1,3,17,1,0,1,14,0,1,2,0,1,1,4,3,0,0,1,1,1,2,0,0,1
32,3,16,3,2,4,14,3,1,2,2,3,1,13,20,2,2,3,3,3,7,2,3,1
32,34,58,23,24,27,57,27,20,26,19,29,20,35,9,25,25,29,29,29,27,23,33,1
10,2,17,1,1,2,15,1,0,0,0,0,0,47,21,0,1,0,0,0,1,0,1,1
43,55,19,43,43,59,17,59,59,59,34,59,58,58,51,41,59,59,59,59,51,40,47,0
32,6,47,20,28,20,46,27,31,35,23,28,30,35,53,30,25,29,29,29,36,28,36,1
46,19,25,57,57,54,22,54,53,53,56,53,52,25,43,56,54,54,54,54,51,56,57,0
17,15,22,28,21,26,52,21,56,57,56,56,56,24,55,58,55,55,55,55,59,59,25,0
25,24,30,42,42,38,26,38,48,42,48,39,49,20,32,42,33,37,37,37,39,38,21,0
20,29,48,30,30,37,45,36,30,30,25,32,28,34,14,28,31,34,34,34,27,27,34,0
1,34,18,0,0,1,16,0,0,0,0,0,0,58,59,0,0,0,0,0,0,0,0,1
43,39,40,19,24,18,38,27,37,27,29,28,39,16,16,25,27,27,27,27,41,24,20,0
7,5,16,4,6,7,13,9,2,2,5,10,2,41,40,6,10,10,10,10,13,6,8,1
32,59,43,29,28,49,43,48,34,38,22,50,35,35,12,31,47,48,48,48,36,28,36,0
58,52,32,38,38,56,29,57,46,46,32,54,43,56,11,36,56,56,56,56,36,36,43,1
32,3,7,4,3,6,7,5,10,12,2,6,10,4,3,3,5,5,5,5,3,3,3,1
25,43,37,41,40,45,34,45,41,42,33,43,40,53,34,40,42,44,44,44,40,38,45,0
17,11,3,45,21,34,58,21,14,15,10,15,15,13,14,11,14,15,15,15,14,6,26,0
5,5,12,9,6,9,10,6,5,8,6,6,5,27,11,7,7,6,6,6,2,7,8,1
51,39,36,48,48,56,33,56,41,43,42,56,43,12,8,48,56,55,55,55,46,46,50,0
6,59,7,18,14,12,5,6,11,15,14,7,11,1,2,15,7,7,7,7,13,15,18,1
2,7,17,3,2,0,15,0,1,2,2,0,1,1,3,3,0,1,1,1,5,3,3,1
58,37,26,55,55,57,23,57,52,54,55,55,50,38,40,51,57,57,57,57,51,54,54,0
19,46,35,25,26,23,36,24,43,33,42,27,44,49,52,33,24,28,28,28,29,32,17,0
58,22,23,37,53,35,20,53,55,56,52,39,49,44,52,41,52,53,53,53,43,52,53,0
2,7,10,6,5,1,9,1,7,12,5,1,7,2,1,6,1,1,1,1,4,6,7,1
48,25,46,27,26,23,45,23,32,24,44,23,33,14,41,26,21,23,23,23,54,25,13,0
19,20,37,25,25,29,35,28,41,33,27,30,42,22,39,27,26,30,30,30,29,25,25,0
21,46,47,31,31,37,45,37,30,33,26,36,30,33,19,31,34,37,37,37,44,29,36,0
38,23,40,49,49,38,29,38,38,32,42,27,38,46,51,32,24,27,27,27,22,31,42,0
53,4,32,59,59,35,39,35,45,48,59,48,46,39,45,59,46,47,47,47,36,59,59,0
15,22,43,20,18,20,39,19,35,9,33,20,36,43,58,19,18,20,20,20,19,19,14,0
27,41,47,46,45,43,42,43,30,37,38,39,30,40,23,41,36,39,39,39,33,40,47,0
2,5,14,13,10,6,12,3,3,6,9,4,3,6,6,11,3,4,4,4,2,11,12,1
51,29,22,26,23,23,20,23,56,39,59,31,56,24,55,42,26,30,30,30,47,48,3,0
42,52,28,54,55,54,24,53,50,53,52,52,50,38,48,53,51,52,52,52,47,52,55,0
3,18,3,17,14,15,4,12,14,17,14,14,15,4,4,16,12,14,14,14,16,15,19,1
17,58,23,37,21,44,50,21,55,55,49,58,56,51,45,53,58,57,57,57,57,58,25,0
50,0,38,51,50,49,35,47,39,42,47,47,41,48,35,50,46,45,45,45,31,49,51,1
33,19,49,24,25,26,45,26,29,23,23,22,30,33,39,22,20,22,22,22,21,21,25,1
18,30,54,25,25,25,52,25,24,23,24,23,25,22,20,23,21,23,23,23,22,22,24,0
33,30,23,23,21,25,26,21,54,50,34,41,55,47,56,35,36,39,39,39,42,42,21,0
43,38,39,55,55,44,31,44,39,46,52,36,39,25,50,47,35,38,38,38,47,47,52,0
57,22,29,35,34,51,26,50,49,48,31,49,49,39,41,36,49,50,50,50,47,34,39,1
1,34,15,1,1,6,13,5,3,4,1,7,2,19,33,1,6,7,7,7,1,1,1,1
33,20,38,43,42,34,34,33,40,34,46,31,40,24,22,38,29,32,32,32,32,37,26,1
59,53,22,55,54,57,20,56,56,55,51,57,56,56,50,54,55,56,56,56,46,52,55,0
52,19,36,43,43,53,32,52,42,46,35,52,44,45,35,44,51,50,50,50,46,41,46,0
0,0,18,2,4,0,15,2,0,0,4,2,0,51,54,5,2,2,2,2,3,5,5,1
20,38,55,30,29,36,48,36,23,24,21,27,23,25,10,25,23,26,26,26,23,23,34,0
33,1,11,15,14,5,10,4,7,6,16,6,8,12,14,16,5,6,6,6,3,15,16,1
58,48,32,47,48,42,30,43,46,47,49,44,46,51,41,49,43,45,45,45,46,48,47,0
39,58,34,51,51,45,30,45,44,50,50,45,45,27,49,50,41,43,43,43,45,48,49,0
17,14,53,22,21,22,55,21,25,28,30,31,26,11,16,32,26,30,30,30,42,35,22,0
53,40,34,46,46,52,31,52,44,47,40,51,43,44,31,45,53,52,52,52,45,45,49,1
55,28,35,28,30,35,33,37,43,46,29,38,43,23,40,31,36,39,39,39,54,30,33,1
1,34,13,3,5,2,11,3,4,7,5,4,4,5,5,6,4,4,4,4,4,6,6,1
33,50,0,15,14,15,1,14,17,16,17,16,18,17,16,17,14,15,15,15,18,15,14,1
17,51,49,24,21,23,50,21,29,28,38,26,30,23,39,29,27,25,25,25,28,31,15,0
33,22,8,9,8,9,7,7,10,8,10,9,9,8,15,9,8,9,9,9,7,9,7,1
14,19,58,20,19,18,55,19,19,20,19,19,19,50,16,20,21,19,19,19,17,20,26,0
50,49,21,59,59,59,19,59,57,57,58,59,57,48,37,59,59,59,59,59,58,58,59,0
57,41,24,54,54,55,21,55,53,55,51,54,53,52,46,52,54,55,55,55,41,53,55,0
33,4,45,28,21,26,43,21,33,20,34,21,34,32,46,21,19,21,21,21,19,19,15,0
9,34,52,13,12,16,47,14,26,16,39,15,27,9,20,11,15,15,15,15,1,13,5,1
56,39,23,58,58,55,20,55,55,55,57,54,54,28,51,57,55,55,55,55,36,58,58,0
4,16,13,6,4,5,11,3,5,3,3,3,5,4,4,4,4,3,3,3,3,4,5,1
18,38,43,22,23,24,44,24,35,28,24,28,36,29,33,25,24,28,28,28,29,23,24,0
17,18,21,26,21,28,18,21,57,14,57,17,57,54,44,19,17,17,17,17,18,16,5,0
9,4,1,13,12,17,0,16,17,20,9,16,17,0,2,11,16,16,16,16,36,13,15,0
51,29,29,55,57,57,25,58,49,54,53,58,51,27,39,56,58,57,57,57,57,55,57,0
56,35,25,11,59,13,22,57,52,57,58,57,53,47,49,58,56,56,56,56,57,58,59,1
20,43,57,29,29,26,55,26,20,22,24,22,20,10,20,22,20,23,23,23,21,22,30,0
50,41,26,40,47,45,22,53,52,51,52,50,52,16,29,45,53,51,51,51,44,46,27,0
54,46,29,59,55,59,26,54,49,54,54,52,48,24,42,53,53,53,53,53,56,54,54,0
8,18,6,14,12,15,4,14,11,11,12,15,11,41,29,13,15,15,15,15,17,13,14,1
57,3,22,27,23,41,27,25,56,59,21,36,55,35,58,27,35,38,38,38,36,26,31,1
58,26,31,21,30,22,28,35,47,43,32,36,47,30,43,31,34,38,38,38,49,30,27,0
33,5,12,4,3,4,10,3,6,5,4,4,6,7,8,3,4,4,4,4,0,3,2,1
38,18,36,49,49,53,33,52,42,40,48,52,44,9,12,50,49,51,51,51,53,47,48,0
23,55,44,37,36,41,41,41,34,35,32,41,35,28,24,38,36,39,39,39,33,34,38,0
8,8,5,12,13,14,1,14,13,11,15,15,13,24,42,13,15,15,15,15,13,14,12,0
0,59,14,11,10,2,12,1,3,5,10,1,3,1,3,12,1,1,1,1,2,11,12,1
55,8,42,5,46,10,42,33,35,38,45,37,37,32,41,48,32,35,35,35,40,45,46,1
1,35,18,2,0,5,15,1,0,0,0,1,0,18,45,0,1,1,1,1,0,0,0,1
55,4,18,47,46,43,16,43,59,59,55,55,59,35,59,57,54,55,55,55,36,56,50,1
50,3,46,35,34,40,44,39,31,36,26,38,30,59,28,33,38,39,39,39,59,32,41,1
38,40,56,35,49,29,47,42,22,29,30,28,22,21,31,31,41,27,27,27,29,39,49,1
6,8,8,0,0,14,6,13,9,4,0,14,9,18,53,0,13,14,14,14,4,0,0,1
14,30,5,19,18,16,0,17,13,13,17,14,13,32,30,19,32,14,14,14,12,19,26,0
33,25,54,57,58,34,46,34,24,28,48,30,25,10,26,49,25,28,28,28,36,46,57,1
57,44,29,53,53,56,27,56,49,50,51,56,48,47,24,52,56,56,56,56,58,52,55,0
51,30,44,37,37,42,42,42,33,36,31,43,34,18,21,39,41,41,41,41,40,36,40,0
33,7,19,21,21,21,16,21,59,44,59,54,59,35,23,40,51,52,52,52,54,45,1,0
40,23,55,30,31,30,52,31,23,29,24,27,23,19,39,27,29,26,26,26,28,31,34,1
5,35,12,6,4,2,10,2,6,6,3,2,6,1,3,4,1,2,2,2,11,5,6,1
25,50,59,41,41,32,53,32,19,16,19,20,19,25,54,19,18,20,20,20,18,18,41,0
13,12,55,17,16,18,52,16,23,11,23,18,25,23,52,17,16,18,18,18,15,16,14,0
54,47,33,45,46,47,31,49,44,50,41,47,44,42,47,45,48,49,49,49,45,45,49,0
41,56,48,37,43,35,42,43,30,31,38,34,30,14,15,35,42,35,35,35,39,42,40,1
48,31,42,50,50,49,38,47,35,37,44,42,34,26,19,45,45,43,43,43,32,48,49,0
9,6,0,19,17,19,58,17,18,19,18,19,18,44,24,19,18,19,19,19,19,19,22,1
40,47,32,44,38,42,28,36,46,43,36,33,44,47,51,34,39,34,34,34,28,41,37,0
37,50,22,47,47,57,21,57,56,57,51,58,56,47,48,52,58,58,58,58,55,52,49,0
33,28,36,33,36,52,35,56,42,44,31,56,44,6,6,40,55,56,56,56,57,36,41,1
45,54,30,58,58,50,26,50,48,54,56,48,48,21,54,56,46,48,48,48,59,56,57,0
59,58,24,56,56,58,21,58,54,54,55,57,54,51,36,55,57,58,58,58,36,55,56,0
25,48,44,40,40,41,37,41,33,32,34,33,33,33,32,32,29,33,33,33,29,30,37,0
24,48,46,38,38,37,42,37,31,34,33,34,31,16,21,34,31,34,34,34,33,33,38,0
10,9,58,57,13,48,4,15,19,21,20,23,20,16,26,26,26,21,21,21,23,21,15,0
43,53,23,54,54,57,20,57,55,55,53,57,56,45,45,56,56,57,57,57,49,53,56,0
44,38,44,37,37,39,43,39,34,38,34,39,33,58,30,38,43,40,40,40,27,41,39,1
42,43,26,54,54,53,22,53,52,52,53,51,52,33,32,53,51,52,52,52,52,53,53,0
33,21,0,23,22,27,34,21,18,21,18,20,18,33,13,21,19,20,20,20,19,20,30,0
33,0,15,1,1,0,2,0,3,5,0,0,3,0,0,0,0,0,0,0,0,0,1,1
44,59,52,46,45,48,47,47,26,33,31,37,24,15,13,37,45,39,39,39,31,43,48,0
53,44,29,54,54,54,26,53,49,51,50,51,48,51,43,51,52,52,52,52,41,52,55,0
53,56,34,52,52,52,30,51,44,47,49,49,43,36,34,50,50,50,50,50,56,51,53,0
19,19,29,27,27,26,28,26,49,40,35,30,48,46,55,30,27,31,31,31,31,30,22,0
33,18,26,24,24,23,41,23,52,53,27,30,51,59,55,33,27,31,31,31,39,33,32,1
54,14,31,53,52,36,29,35,46,46,53,37,46,29,51,51,35,37,37,37,50,51,48,1
57,50,31,39,39,47,28,47,47,47,33,46,47,54,43,39,45,47,47,47,39,37,43,0
49,49,50,18,36,14,48,47,28,34,34,46,29,6,7,37,46,44,44,44,42,36,36,1
58,2,42,49,58,36,41,49,36,39,57,50,36,57,13,58,47,49,49,49,37,57,58,0
55,54,32,52,51,55,29,54,45,48,48,55,46,30,23,52,53,53,53,53,52,50,53,0
20,47,41,28,27,38,39,38,37,36,25,40,37,26,23,30,37,40,40,40,54,28,33,0
5,12,14,8,5,8,12,5,4,5,5,5,4,13,15,6,5,6,6,6,11,6,6,1
14,7,5,12,17,17,0,18,12,16,8,15,12,8,18,9,17,15,15,15,8,16,24,1
26,12,58,33,33,35,51,35,20,20,20,20,19,46,9,20,33,20,20,20,19,20,36,0
2,3,14,1,1,1,12,1,3,4,2,1,3,3,4,1,1,1,1,1,1,1,1,0
3,13,9,4,9,3,8,9,8,6,9,11,8,8,11,10,9,11,11,11,3,10,11,1
23,50,53,36,35,29,52,29,24,26,39,29,25,8,13,33,24,27,27,27,43,30,24,0
11,2,5,12,11,15,59,14,13,13,11,11,12,17,15,8,14,11,11,11,12,8,9,1
37,24,31,49,48,39,27,39,47,44,49,37,47,18,35,45,34,38,38,38,49,45,42,0
20,14,39,30,30,26,36,26,39,25,45,24,40,34,37,27,21,24,24,24,22,25,14,0
44,19,31,56,56,38,31,38,46,56,56,42,46,26,58,57,39,42,42,42,55,57,56,0
17,52,27,22,22,23,29,22,51,49,46,43,52,42,50,40,42,41,41,41,42,46,14,0
22,35,58,33,29,31,56,28,19,22,20,22,19,32,8,22,40,22,22,22,21,22,34,1
6,17,3,18,17,16,3,14,15,18,16,16,15,50,8,19,15,16,16,16,2,18,24,0
48,18,37,50,48,45,32,43,41,48,46,40,41,32,52,44,41,40,40,40,43,47,46,0
58,45,21,56,56,57,18,57,57,58,56,56,57,33,54,55,57,57,57,57,59,55,56,0
42,20,25,54,54,49,23,49,53,52,54,49,52,46,29,53,48,50,50,50,55,54,53,0
40,13,58,21,29,21,54,32,20,25,19,27,20,59,12,26,30,26,26,26,26,24,37,0
49,44,19,59,59,58,17,58,59,58,59,57,58,37,44,59,58,58,58,58,51,59,59,0
37,12,57,7,30,8,54,27,21,22,24,22,21,11,11,22,25,22,22,22,21,29,30,1
48,40,40,59,38,57,40,33,37,43,39,35,37,40,53,40,35,35,35,35,31,38,37,0
44,7,54,41,42,35,50,36,24,29,31,32,24,12,14,36,34,32,32,32,27,37,45,1
46,21,39,50,51,47,33,48,39,42,45,44,39,49,35,47,47,43,43,43,52,48,51,0
23,28,51,36,35,34,45,33,27,23,36,25,28,12,20,25,21,24,24,24,23,23,22,0
17,56,22,21,22,21,49,22,56,59,48,55,56,54,57,52,53,53,53,53,57,57,25,0
11,16,7,16,15,13,4,13,11,15,14,12,11,29,8,15,14,12,12,12,16,17,20,1
33,16,23,50,51,50,21,52,55,55,47,51,54,59,54,50,51,52,52,52,33,50,54,0
33,42,24,26,22,25,24,22,54,47,50,39,55,26,55,43,33,36,36,36,44,50,12,0
21,24,27,31,30,37,24,37,50,43,30,36,51,26,44,30,34,37,37,37,46,29,29,0
8,15,3,15,16,14,3,16,14,9,15,18,15,9,20,18,17,18,18,18,7,16,23,1
26,53,21,44,44,54,19,54,56,56,43,55,57,44,55,46,53,54,54,54,48,42,44,0
7,35,11,7,6,6,8,5,7,10,5,4,6,4,3,5,5,4,4,4,37,7,7,1
33,19,53,32,32,26,51,26,24,24,34,23,25,20,42,24,20,23,23,23,23,23,21,1
9,1,10,5,4,8,7,6,8,8,4,6,8,6,7,3,6,7,7,7,7,3,4,0
34,37,0,15,13,15,0,13,18,20,18,16,18,3,2,16,14,16,16,16,12,15,13,1
34,14,42,35,34,40,38,40,36,35,31,41,37,26,25,36,36,39,39,39,38,32,37,1
19,50,27,29,22,29,41,22,51,51,53,55,52,38,38,54,52,53,53,53,53,58,17,0
7,50,13,2,1,9,10,8,5,8,1,9,5,9,10,1,7,9,9,9,9,1,2,0
34,3,13,6,5,13,11,12,5,7,6,14,5,19,35,5,12,14,14,14,14,5,5,1
34,35,38,44,44,26,36,26,40,16,38,28,39,30,59,45,24,28,28,28,37,43,48,1
12,35,4,17,17,18,1,17,14,14,12,16,14,47,37,14,14,16,16,16,18,17,24,1
34,47,55,30,30,31,52,30,23,26,26,27,23,15,19,27,23,26,26,26,24,25,31,1
39,25,55,31,32,33,51,34,23,24,24,23,22,15,9,23,32,27,27,27,22,29,34,1
46,50,39,47,49,39,35,41,39,42,48,37,39,33,47,44,40,38,38,38,40,44,43,0
21,38,54,30,30,35,46,34,24,22,22,22,24,19,13,22,20,22,22,22,21,21,32,0
34,44,38,37,37,49,34,49,40,41,30,45,39,46,24,35,45,46,46,46,38,34,41,1
19,25,31,27,27,28,29,27,47,39,30,30,47,54,51,29,27,31,31,31,28,28,24,0
34,19,42,35,22,26,34,22,35,44,46,40,37,50,52,52,34,37,37,37,28,57,30,0
50,57,33,46,46,56,29,56,45,45,40,56,46,36,18,46,56,55,55,55,54,44,49,0
50,58,26,55,55,58,23,58,52,52,51,57,51,56,27,52,58,58,58,58,54,53,56,1
49,13,30,42,41,51,26,51,48,46,37,47,48,48,37,40,51,49,49,49,53,39,42,0
44,42,43,30,23,28,53,23,34,43,35,35,36,45,51,38,30,33,33,33,29,44,21,0
48,12,52,41,41,36,51,35,25,30,32,34,24,40,19,37,34,34,34,34,25,37,43,1
22,16,31,34,33,32,34,32,47,45,40,40,47,48,44,42,39,41,41,41,55,41,34,0
37,12,46,23,28,24,42,31,32,24,32,27,33,39,14,25,31,26,26,26,23,25,21,0
58,37,28,45,44,55,25,54,50,52,39,53,50,29,38,45,53,54,54,54,58,43,47,0
12,45,10,14,12,12,5,9,8,12,7,5,7,0,2,8,10,5,5,5,10,9,15,0
17,52,20,22,22,21,34,22,58,59,58,58,59,54,56,59,57,57,57,57,48,59,31,0
6,13,9,16,13,13,7,10,9,5,15,11,9,32,41,15,10,11,11,11,12,15,15,0
47,1,42,54,53,51,40,49,35,53,54,48,36,31,55,52,50,48,48,48,37,54,48,0
55,20,41,35,32,31,41,28,37,38,33,33,38,53,49,37,28,32,32,32,26,33,33,0
40,41,58,46,45,38,52,37,20,25,22,28,20,20,12,32,33,27,27,27,30,35,31,1
0,0,18,1,0,0,16,0,0,0,0,0,0,35,55,1,0,0,0,0,37,1,1,1
56,57,52,35,34,39,52,39,25,32,29,42,26,4,5,38,37,40,40,40,43,34,41,1
34,27,13,8,7,9,10,7,5,5,9,8,4,22,33,8,7,9,9,9,10,8,8,1
45,5,36,41,41,48,32,48,42,46,35,45,41,44,43,39,50,46,46,46,46,37,43,0
34,27,39,37,37,37,37,37,38,36,38,36,38,28,30,36,34,37,37,37,44,35,34,1
46,58,23,57,57,58,19,58,55,57,54,57,55,52,46,55,57,58,58,58,52,55,57,0
9,35,14,5,3,4,10,3,4,6,2,2,4,4,4,2,4,2,2,2,4,2,4,1
25,45,51,26,29,25,47,27,27,21,32,21,27,24,34,21,29,21,21,21,20,28,20,1
1,35,8,8,5,10,8,6,10,12,7,8,10,7,7,6,7,8,8,8,1,6,5,1
8,35,7,11,10,6,4,6,11,6,11,5,11,7,9,10,6,5,5,5,5,12,10,1
22,44,56,33,33,32,53,32,22,27,25,31,22,46,9,30,27,31,31,31,32,29,38,0
34,21,2,15,13,16,0,14,15,15,16,15,15,4,5,14,13,15,15,15,18,13,13,1
19,40,0,23,24,24,56,24,17,18,18,20,17,47,31,20,28,20,20,20,19,19,31,0
26,27,21,44,44,46,18,46,57,56,39,47,57,48,56,45,43,46,46,46,41,42,47,0
38,41,32,49,49,46,28,46,46,46,48,44,46,29,46,47,42,44,44,44,44,47,48,0
27,40,50,45,45,39,44,38,28,37,38,32,27,41,47,36,28,32,32,32,42,35,44,0
57,46,24,56,56,57,21,57,53,54,54,57,54,23,42,57,57,57,57,57,58,55,56,0
43,26,21,55,55,56,19,56,57,57,54,56,57,52,51,54,56,57,57,57,37,55,56,0
13,35,1,2,1,20,0,18,17,2,0,19,17,26,59,0,19,19,19,19,2,3,1,1
0,28,17,2,2,3,16,4,0,1,5,10,0,41,57,6,9,10,10,10,5,6,3,0
44,54,36,56,56,48,31,48,42,43,56,45,43,10,23,53,40,43,43,43,49,51,50,0
34,12,15,3,2,1,12,1,3,5,2,1,3,2,2,2,1,1,1,1,7,2,3,1
6,57,50,2,3,2,46,3,27,8,49,3,28,3,2,2,3,3,3,3,5,3,1,1
14,0,24,6,3,0,56,0,54,0,0,59,8,32,59,59,0,0,0,0,49,0,4,0
34,55,32,40,40,54,30,54,46,48,34,53,45,44,27,41,53,54,54,54,50,39,44,1
8,14,5,6,5,15,3,13,12,0,6,13,12,26,59,4,12,14,14,14,37,4,4,0
26,52,35,43,42,45,33,44,42,42,37,44,42,50,36,42,42,44,44,44,38,40,45,0
14,15,2,16,18,12,58,18,15,18,17,16,15,38,14,18,20,16,16,16,15,18,26,0
34,11,17,8,7,8,15,7,1,1,8,9,1,28,37,9,6,8,8,8,12,8,8,1
54,53,41,44,43,48,39,48,36,40,36,46,34,48,19,43,45,47,47,47,56,42,47,1
41,43,56,33,32,30,53,29,22,26,25,27,22,30,22,29,28,27,27,27,25,31,36,0
48,38,34,39,40,39,29,41,44,37,45,40,46,31,34,40,39,38,38,38,43,36,24,0
54,59,34,57,49,54,31,44,44,47,49,44,44,23,41,48,43,44,44,44,48,47,48,0
13,20,2,42,17,43,0,17,15,19,13,13,15,0,2,14,18,13,13,13,16,19,24,0
21,15,59,32,32,29,56,28,19,23,19,24,19,51,10,24,21,23,23,23,22,22,39,0
34,4,18,22,18,22,16,18,59,0,22,20,59,26,59,21,19,20,20,20,37,20,22,1
9,31,6,9,10,12,5,12,11,16,7,11,12,4,5,8,12,11,11,11,16,8,12,1
23,25,29,36,35,37,26,37,48,41,38,35,48,30,47,34,32,36,36,36,31,33,27,0
15,56,46,20,19,20,41,19,32,15,36,18,33,38,40,18,16,18,18,18,16,17,13,0
4,0,20,0,0,19,15,17,58,58,59,24,53,59,59,59,24,28,28,28,59,59,0,0
25,41,43,42,42,43,39,43,35,37,35,39,33,42,26,39,38,40,40,40,28,38,44,0
11,11,2,17,16,18,1,17,16,14,16,19,16,22,39,16,18,19,19,19,17,16,18,0
41,38,56,36,37,31,53,31,22,27,26,29,22,45,22,33,30,28,28,28,24,36,41,0
59,59,32,39,37,53,31,52,46,46,34,54,47,49,24,42,52,53,53,53,58,38,42,0
6,7,44,19,17,18,45,17,34,19,24,20,35,25,48,20,19,20,20,20,18,20,19,1
17,57,30,23,22,24,52,22,48,49,51,58,49,37,16,54,57,57,57,57,52,58,21,0
13,29,55,16,15,16,57,14,23,12,20,17,23,39,46,17,15,18,18,18,12,16,14,0
52,38,35,42,44,44,32,47,43,41,44,47,44,19,24,45,45,45,45,45,51,42,39,0
18,52,38,51,49,53,33,52,40,53,43,50,41,37,53,48,50,48,48,48,57,48,50,0
34,16,15,1,4,1,13,7,2,2,6,9,2,40,44,5,8,9,9,9,1,5,5,1
34,11,28,21,22,22,29,22,50,41,36,42,51,41,42,34,37,40,40,40,41,39,18,0
12,22,6,17,16,14,1,14,11,12,12,10,11,51,12,13,15,10,10,10,3,14,21,0
24,29,48,40,39,37,38,37,30,31,30,29,31,38,48,30,24,27,27,27,26,27,38,0
57,29,27,42,48,42,25,50,51,52,48,53,52,46,43,51,51,52,52,52,49,49,49,0
56,55,21,59,59,59,18,59,57,57,58,59,57,42,38,58,59,59,59,59,58,59,59,0
17,37,45,25,22,25,52,22,33,31,37,36,34,33,20,37,31,34,34,34,29,42,19,0
19,48,55,27,27,26,50,26,23,22,23,23,23,24,32,23,20,22,22,22,21,21,28,0
8,2,11,11,10,10,8,9,7,10,8,8,7,17,9,9,9,8,8,8,14,11,12,1
22,56,42,34,33,46,40,46,36,39,27,45,34,50,17,34,43,46,46,46,41,32,39,0
52,44,19,59,59,55,17,55,59,58,59,55,59,40,41,59,55,56,56,56,56,59,56,0
1,7,24,17,17,18,22,16,53,4,27,19,54,56,58,19,17,19,19,19,19,18,15,1
46,35,30,7,58,1,24,59,48,49,51,59,49,2,3,56,59,59,59,59,56,54,58,1
3,35,12,11,8,8,10,5,6,5,10,6,5,14,14,10,6,6,6,6,10,10,9,1
35,47,51,26,26,32,51,31,27,29,23,32,27,42,12,28,30,33,33,33,27,27,32,1
58,37,26,53,53,58,23,58,52,52,50,58,53,42,25,54,58,58,58,58,37,51,54,0
38,37,24,49,49,55,20,55,54,54,46,53,54,39,31,48,54,55,55,55,53,47,50,0
26,54,48,28,28,29,50,29,30,36,36,36,30,21,31,34,40,36,36,36,46,39,23,0
35,6,0,45,45,34,53,34,18,20,18,19,18,11,10,17,18,20,20,20,17,17,46,1
56,56,32,55,55,51,30,51,46,55,53,50,45,55,32,54,50,51,51,51,50,54,56,0
59,37,43,26,55,24,42,43,35,38,53,45,36,28,23,56,41,43,43,43,37,54,56,1
8,21,11,11,12,9,8,11,6,9,10,10,6,25,27,12,9,10,10,10,3,14,16,1
35,35,59,20,22,35,59,35,18,21,46,35,18,35,36,21,35,35,35,35,20,21,11,1
8,11,12,5,4,11,10,10,6,8,4,13,7,15,32,4,9,11,11,11,8,4,4,0
3,20,13,58,3,40,11,11,4,5,4,13,5,24,43,4,12,13,13,13,3,4,4,0
43,58,47,30,36,34,42,43,30,33,31,35,31,10,15,31,41,36,36,36,38,33,35,0
39,39,27,51,51,55,23,55,51,50,48,53,50,46,36,49,53,54,54,54,53,49,52,0
48,51,34,45,47,49,28,51,44,43,42,49,46,17,31,46,50,47,47,47,51,44,48,1
26,8,44,36,38,32,47,33,34,38,41,38,32,46,36,43,46,38,38,38,32,50,39,1
21,30,33,32,32,41,30,41,45,44,29,41,45,53,37,33,40,42,42,42,54,32,36,0
38,48,29,49,49,34,28,34,49,49,50,37,48,22,48,50,35,38,38,38,58,50,51,0
50,59,52,37,36,41,50,40,26,32,27,38,24,31,12,34,39,39,39,39,40,36,43,1
23,42,49,36,35,44,45,44,29,36,27,43,31,51,24,36,37,39,39,39,31,31,40,0
42,15,21,53,54,41,19,41,57,56,57,47,57,45,56,56,44,46,46,46,54,55,49,0
42,40,46,29,30,33,40,34,32,33,25,30,31,41,47,28,32,30,30,30,26,28,34,0
56,23,23,58,58,55,20,55,55,58,58,56,56,44,58,58,55,55,55,55,59,58,58,0
51,55,51,30,31,36,51,37,27,35,27,39,27,53,8,33,39,40,40,40,32,32,37,0
12,0,5,0,0,17,2,9,13,17,0,4,13,1,0,0,8,4,4,4,0,0,0,1
54,54,33,55,55,54,29,54,45,45,53,52,44,16,21,53,54,54,54,54,52,54,56,0
56,39,20,57,57,55,18,55,58,57,57,56,58,39,56,57,54,55,55,55,56,56,54,0
4,1,16,13,12,3,13,2,2,3,12,3,2,52,13,13,3,3,3,3,13,13,14,0
23,27,40,36,36,42,36,42,38,37,32,39,38,37,28,34,36,39,39,39,33,33,37,0
45,59,40,40,40,47,40,47,38,39,37,48,37,50,13,42,52,50,50,50,39,41,44,0
35,57,7,10,9,7,4,6,11,15,5,2,10,1,0,5,2,2,2,2,8,5,11,1
0,35,3,15,15,10,4,11,15,17,16,14,14,4,4,17,12,14,14,14,4,17,20,1
10,14,1,18,17,17,58,15,16,16,17,15,16,36,23,17,16,16,16,16,15,18,18,0
35,3,17,4,4,1,15,1,1,1,4,1,1,7,14,4,1,1,1,1,2,4,4,1
57,26,26,53,54,53,23,53,52,54,51,55,53,50,51,54,53,53,53,53,47,53,55,0
9,20,4,11,8,12,3,10,14,17,7,8,14,2,1,7,10,8,8,8,5,8,9,1
35,4,15,9,8,2,13,1,2,4,9,1,2,4,3,9,1,2,2,2,1,9,9,1
45,35,51,35,28,50,51,38,27,31,23,32,22,53,8,27,41,39,39,39,43,30,36,1
27,55,56,29,30,34,52,35,21,25,21,24,20,42,7,23,37,27,27,27,21,27,35,1
14,35,18,0,0,15,16,13,0,0,0,2,0,35,59,0,31,2,2,2,0,0,0,1
23,19,41,36,36,39,37,39,36,34,33,36,36,44,30,33,32,36,36,36,33,32,36,0
35,29,21,46,46,57,18,57,57,57,42,57,57,55,33,47,57,57,57,57,37,45,50,1
46,43,48,46,44,44,44,41,30,37,37,38,30,22,37,41,39,36,36,36,47,42,44,0
8,36,3,0,0,9,59,8,15,13,1,7,15,5,4,0,9,7,7,7,37,1,0,1
8,36,9,8,15,5,6,13,9,13,14,14,9,56,28,15,14,14,14,14,12,16,18,1
45,6,50,29,28,31,48,30,27,28,24,28,27,23,29,28,28,29,29,29,25,28,32,1
52,25,30,48,49,45,26,46,48,50,47,46,50,34,52,49,44,45,45,45,43,47,48,0
18,20,54,23,24,24,51,24,24,22,21,26,28,37,43,27,20,22,22,22,24,21,27,0
51,48,35,48,42,50,32,43,43,44,39,41,42,27,45,41,42,42,42,42,40,39,43,0
42,37,22,54,54,44,19,44,56,56,53,46,56,36,58,55,42,44,44,44,47,53,54,0
48,45,48,50,49,40,45,39,30,47,49,38,31,29,55,47,37,36,36,36,45,47,42,0
56,36,29,58,58,58,27,58,49,54,57,59,50,13,18,58,58,58,58,58,57,57,58,1
40,45,35,52,52,48,31,48,43,41,50,44,42,23,30,49,43,45,45,45,41,48,51,0
4,1,13,3,2,5,11,4,4,8,2,4,4,5,6,2,4,5,5,5,12,3,3,1
35,7,11,13,12,14,1,12,7,7,7,8,9,15,12,7,5,6,6,6,14,6,11,1
35,41,52,24,25,23,52,24,25,25,31,24,26,27,44,26,21,24,24,24,23,24,19,1
25,24,33,41,40,33,34,33,45,48,43,37,45,43,55,45,34,38,38,38,46,44,39,0
47,54,20,58,58,59,17,59,58,58,57,59,58,54,48,57,59,59,59,59,55,57,58,0
38,13,52,32,36,28,46,31,26,23,29,23,26,29,27,24,29,24,24,24,22,30,32,0
50,25,42,35,41,33,39,38,36,36,43,36,36,16,25,38,37,37,37,37,31,39,32,0
21,50,2,23,24,28,56,26,16,17,18,16,16,55,22,20,24,16,16,16,18,20,31,1
10,36,5,12,14,4,2,7,13,15,13,5,13,3,1,14,8,6,6,6,8,16,17,1
17,13,33,24,22,22,46,22,45,42,44,37,46,40,50,46,32,36,36,36,45,52,18,0
55,39,32,41,41,43,29,43,46,52,43,43,46,26,44,42,42,44,44,44,51,41,38,0
22,42,35,34,34,42,35,42,42,40,32,41,41,41,32,35,41,43,43,43,33,34,38,0
24,57,34,40,39,44,32,44,44,40,40,44,44,39,26,40,42,44,44,44,40,38,38,0
37,48,36,47,47,46,33,46,42,40,47,43,41,33,26,44,43,45,45,45,42,44,43,0
35,36,48,36,36,36,42,36,29,32,27,33,29,12,23,32,29,33,33,33,38,30,40,1
54,46,27,51,51,58,23,58,51,52,46,58,52,56,27,52,58,58,58,58,51,50,54,0
35,49,50,29,29,30,50,29,28,30,27,30,27,40,27,30,27,31,31,31,49,29,33,1
57,24,37,24,25,25,36,25,41,31,26,19,26,40,51,19,23,26,26,26,18,24,24,0
35,36,10,13,12,8,9,7,8,7,15,9,8,54,25,14,8,9,9,9,14,13,13,1
23,58,3,31,32,30,55,30,15,19,14,16,15,57,7,16,30,16,16,16,0,16,39,0
5,3,7,3,2,11,6,10,11,10,3,12,11,10,25,2,11,12,12,12,6,3,3,1
55,48,25,42,44,51,22,53,53,56,43,53,53,39,49,46,51,51,51,51,50,43,43,0
38,59,51,49,49,40,47,40,27,31,41,38,28,48,16,46,33,36,36,36,44,43,50,0
39,6,38,51,51,46,33,46,40,49,47,44,41,20,51,49,40,43,43,43,58,47,50,0
20,15,50,28,28,25,48,25,28,28,30,24,29,16,41,26,21,23,23,23,56,23,23,0
2,36,12,5,3,3,10,2,6,9,3,2,6,35,2,3,2,2,2,2,37,4,4,1
49,51,47,42,39,43,41,41,30,36,27,38,31,48,35,37,37,36,36,36,27,36,31,0
5,36,12,16,8,14,10,5,6,6,8,5,6,10,14,9,5,6,6,6,4,10,9,1
59,39,23,52,52,53,21,52,55,56,52,53,55,27,51,53,51,52,52,52,57,51,51,0
37,38,29,48,47,51,25,51,49,48,46,49,49,40,37,46,48,50,50,50,44,45,47,0
24,53,42,40,40,43,37,42,36,35,34,40,37,40,24,39,36,38,38,38,38,34,40,0
5,11,57,5,11,7,54,13,21,8,21,15,21,19,40,12,14,15,15,15,13,12,8,1
53,36,49,27,27,36,48,35,29,31,22,35,28,51,16,29,34,36,36,36,33,27,34,1
4,1,16,2,3,6,13,7,2,1,2,8,2,38,54,3,8,8,8,8,37,3,3,1
47,47,19,58,58,54,17,54,59,59,58,54,59,45,57,58,54,55,55,55,55,58,58,0
46,27,43,26,26,32,41,32,35,29,24,31,34,45,28,26,30,31,31,31,28,24,27,0
6,12,10,10,7,12,8,8,8,7,8,9,7,18,22,7,9,9,9,9,13,8,7,1
35,4,32,53,53,58,28,57,46,46,47,56,44,23,11,49,56,57,57,57,44,50,55,1
21,38,43,32,31,36,37,36,35,30,28,31,35,25,24,28,27,31,31,31,26,26,31,0
12,36,8,18,16,10,4,7,10,14,14,3,10,0,1,16,8,3,3,3,10,18,22,1
35,2,8,7,6,14,7,13,9,9,6,14,9,16,41,5,12,14,14,14,5,5,6,1
43,54,41,48,48,48,40,48,37,40,45,49,36,50,18,48,53,50,50,50,45,48,51,0
14,16,57,22,19,22,56,19,21,22,24,21,21,47,14,22,25,22,22,22,20,27,21,1
7,23,7,14,13,14,5,14,11,7,13,14,11,56,48,14,14,14,14,14,18,15,16,0
35,37,5,10,9,7,5,6,13,15,11,7,13,3,3,11,6,7,7,7,14,10,9,0
26,26,31,43,42,35,32,34,47,47,43,40,46,54,52,46,37,40,40,40,48,45,46,0
22,17,35,34,34,34,30,34,43,36,35,32,43,28,44,32,29,33,33,33,34,31,29,0
15,9,58,11,19,15,0,19,20,26,26,30,20,24,9,37,30,28,28,28,39,40,29,1
3,10,0,5,5,7,1,7,17,1,17,9,17,27,40,5,8,9,9,9,4,6,2,1
46,52,35,57,57,53,31,52,43,48,55,42,35,32,34,49,49,51,51,51,34,55,57,0
19,29,46,27,27,33,41,33,32,28,24,28,32,20,27,25,25,28,28,28,30,24,28,0
39,28,33,50,50,29,35,29,45,48,57,34,45,21,53,55,31,34,34,34,50,54,38,0
2,4,13,5,7,5,11,7,5,9,7,9,5,34,17,8,8,9,9,9,10,8,8,1
21,53,51,32,32,26,46,26,27,22,31,22,28,45,39,23,20,22,22,22,21,21,22,0
11,6,1,14,12,17,58,16,17,14,14,15,17,18,30,11,17,16,16,16,15,13,10,1
3,36,15,4,2,0,13,0,3,6,2,0,3,35,0,2,0,0,0,0,4,2,3,1
12,20,58,19,18,18,55,17,20,19,20,19,19,9,18,19,19,19,19,19,12,20,20,1
5,11,1,8,7,13,1,12,17,19,12,14,17,2,2,8,13,14,14,14,15,8,6,1
21,46,44,31,31,33,44,33,34,35,29,34,33,29,30,33,32,35,35,35,41,31,35,0
5,2,17,33,5,38,15,2,0,1,5,2,1,51,30,6,2,2,2,2,7,6,6,0
22,39,54,33,32,33,53,33,24,29,28,34,23,52,9,34,32,35,35,35,38,33,38,0
35,9,55,33,33,31,52,30,22,25,27,25,22,12,16,25,23,25,25,25,22,25,33,1
42,30,49,19,39,19,47,36,29,34,38,34,29,12,21,35,38,35,35,35,49,36,35,0
54,38,35,48,50,43,32,45,43,45,50,47,45,33,34,50,44,45,45,45,56,49,47,0
23,49,4,26,26,33,55,32,14,18,16,15,14,54,6,18,31,15,15,15,16,18,35,0
53,14,24,53,53,51,21,50,54,53,50,50,54,56,55,53,48,48,48,48,49,50,53,0
3,3,12,9,7,18,11,16,5,9,7,18,5,24,55,8,16,18,18,18,0,9,10,1
27,30,28,46,46,45,25,44,50,46,52,46,51,23,39,47,42,44,44,44,52,44,26,0
53,11,30,4,55,3,27,54,48,48,54,55,49,34,27,56,54,53,53,53,57,54,55,1
52,52,37,45,41,46,32,41,40,45,36,39,41,38,49,38,38,38,38,38,34,37,40,0
10,59,11,9,8,11,6,9,7,8,5,7,7,9,15,5,6,7,7,7,4,5,9,0
13,9,1,17,19,15,0,18,16,20,17,19,16,12,8,19,18,19,19,19,15,20,28,1
13,43,20,18,16,19,9,18,58,58,58,52,59,48,58,59,49,50,50,50,37,59,22,0
46,28,40,39,42,33,37,34,38,39,42,36,39,43,46,42,35,34,34,34,30,40,38,0
10,36,7,7,6,11,5,10,11,16,5,11,11,5,5,6,15,11,11,11,37,7,7,1
46,30,19,58,58,49,17,48,59,59,58,50,59,53,59,58,49,51,51,51,58,58,58,0
7,26,13,13,10,8,10,5,5,7,8,5,5,6,7,10,5,5,5,5,6,11,13,1
52,3,24,1,59,10,20,51,54,55,59,48,54,36,55,59,50,49,49,49,58,59,59,0
43,58,20,55,55,56,18,56,58,57,55,56,58,50,54,54,56,56,56,56,55,54,54,0
20,10,42,28,27,28,41,28,36,31,35,32,37,38,31,31,26,30,30,30,27,28,21,0
56,57,26,56,56,48,24,49,52,51,57,48,51,52,48,56,48,49,49,49,48,56,55,0
25,17,58,59,59,40,56,40,19,24,54,33,19,3,1,57,55,32,32,32,38,59,59,1
8,36,8,9,8,12,6,11,10,14,6,10,10,7,7,7,11,10,10,10,15,9,9,1
39,39,48,26,36,25,43,30,30,26,41,25,31,13,25,27,28,25,25,25,26,30,19,0
51,10,40,49,50,52,36,52,38,40,42,48,36,35,19,47,50,49,49,49,30,47,52,0
35,36,2,26,17,32,2,15,16,19,17,18,16,36,7,20,16,18,18,18,19,19,25,1
36,8,4,10,9,12,4,11,13,9,11,11,13,25,30,9,10,12,12,12,12,9,8,1
17,45,30,20,22,20,59,22,48,50,44,48,49,53,50,50,44,46,46,46,44,57,30,0
36,9,2,21,23,21,57,23,16,19,17,16,16,24,9,18,15,17,17,17,16,18,27,1
5,36,13,7,6,7,11,5,5,2,5,6,5,14,32,6,5,6,6,6,6,7,7,1
46,41,55,23,26,23,54,26,22,25,23,26,23,55,21,27,24,26,26,26,24,26,29,0
55,55,22,58,58,53,20,53,55,55,58,53,55,57,52,58,53,53,53,53,52,58,57,0
45,50,45,45,45,46,39,46,32,35,39,39,32,13,19,40,45,40,40,40,31,40,46,0
36,43,47,47,47,47,43,46,30,39,37,42,29,15,30,43,41,43,43,43,42,42,51,0
50,52,46,46,45,46,44,45,31,38,40,43,30,36,21,44,44,44,44,44,31,45,48,0
36,42,49,42,42,38,47,38,29,35,38,38,30,18,24,41,33,37,37,37,47,37,42,1
47,16,41,43,44,41,37,42,37,38,40,41,38,28,34,43,41,39,39,39,40,43,44,0
41,8,26,53,53,34,24,34,52,52,58,39,53,30,55,56,35,38,38,38,47,55,37,0
10,14,15,12,9,10,11,6,2,3,7,5,2,29,22,7,8,5,5,5,9,7,10,1
53,10,20,58,57,59,18,59,57,58,55,59,57,58,47,56,59,59,59,59,38,56,58,1
50,49,44,48,48,51,41,51,33,38,42,25,20,19,11,24,49,48,48,48,25,44,51,0
37,5,34,34,33,49,25,49,44,33,25,32,45,39,39,26,49,32,32,32,40,28,35,1
6,11,9,5,5,7,7,7,8,7,6,9,11,8,15,6,8,8,8,8,8,5,4,1
36,36,9,8,7,12,1,11,9,13,1,2,9,0,1,1,2,2,2,2,11,1,6,1
45,51,22,57,57,55,19,54,56,56,57,53,56,27,52,56,54,54,54,54,57,56,55,0
47,17,51,46,45,41,49,40,26,32,35,38,25,36,12,42,40,39,39,39,29,41,49,0
40,42,33,52,52,43,32,43,45,45,52,46,45,46,42,54,43,45,45,45,54,52,52,0
9,5,5,12,14,13,4,15,12,16,12,16,12,53,24,14,16,16,16,16,2,15,31,1
17,37,45,33,22,28,58,22,33,39,41,41,34,22,32,48,36,39,39,39,50,53,27,0
13,16,54,17,16,17,55,15,24,14,20,19,26,43,50,18,16,19,19,19,18,18,17,0
2,59,2,10,9,6,3,6,15,17,12,7,16,1,1,11,6,7,7,7,6,11,10,0
10,2,2,3,4,11,58,12,16,10,6,10,16,8,19,2,12,10,10,10,1,2,2,1
11,8,13,10,9,11,12,10,4,6,10,12,4,31,43,10,10,12,12,12,14,10,9,0
13,57,3,16,14,13,2,12,15,14,15,12,13,31,17,14,11,13,13,13,9,14,16,0
11,27,12,12,10,8,9,7,6,7,10,7,6,13,19,12,7,8,8,8,9,11,12,0
43,45,43,52,23,50,56,23,35,44,45,46,36,22,36,49,41,44,44,44,46,55,23,0
8,10,10,3,11,1,7,7,8,12,9,6,7,4,4,12,7,7,7,7,9,12,14,1
14,19,0,16,19,15,0,18,17,20,17,15,14,36,9,16,27,20,20,20,9,21,28,1
59,10,37,33,31,31,37,29,41,41,28,33,42,58,54,36,28,32,32,32,27,32,37,0
36,44,56,32,32,45,44,45,21,22,20,23,22,27,8,22,44,23,23,23,23,21,37,0
43,57,51,31,30,43,47,43,26,34,22,39,27,51,26,29,42,37,37,37,32,27,37,0
17,40,47,24,22,22,52,22,31,35,47,33,32,21,44,42,28,32,32,32,46,44,14,0
36,13,17,7,6,4,14,3,1,1,8,4,1,26,33,7,3,4,4,4,7,7,6,1
46,51,33,51,50,56,27,56,45,47,45,54,46,47,19,48,56,54,54,54,45,47,52,0
6,6,11,11,10,11,9,9,7,11,9,10,7,54,19,11,9,10,10,10,16,11,12,1
17,40,59,21,22,21,34,22,18,22,18,22,19,59,53,22,33,21,21,21,20,22,31,0
36,36,18,2,2,0,16,0,37,37,2,0,37,59,59,2,0,0,0,0,4,2,2,1
36,5,6,7,6,7,6,6,12,5,10,7,12,12,26,7,6,7,7,7,6,7,5,1
45,55,24,46,46,55,20,56,54,55,41,54,53,57,50,45,57,55,55,55,58,45,50,0
19,23,41,26,26,29,38,29,37,29,28,27,37,25,28,26,25,29,29,29,27,25,24,0
4,4,15,6,5,0,12,0,3,5,5,0,3,0,0,6,0,0,0,0,1,6,7,1
55,37,56,29,29,27,55,27,21,26,23,29,21,55,16,30,25,29,29,29,53,29,35,1
51,25,28,36,35,47,24,47,50,50,28,45,48,59,52,35,46,46,46,46,38,34,42,0
36,26,46,31,31,36,43,35,32,32,29,33,31,14,22,29,31,34,34,34,32,28,32,1
44,38,53,32,32,29,51,29,24,27,29,26,24,29,19,28,27,27,27,27,26,32,32,0
44,58,25,56,56,56,22,56,53,55,54,56,53,39,49,55,56,56,56,56,54,55,57,0
49,24,36,44,44,40,35,39,41,43,45,39,41,44,47,43,40,40,40,40,40,43,39,0
58,57,21,56,57,57,19,58,56,57,57,58,56,48,46,57,58,58,58,58,57,57,57,0
55,39,28,50,50,58,25,58,50,50,46,58,51,19,21,50,58,58,58,58,59,48,52,0
18,52,42,22,23,21,57,22,35,38,37,39,37,21,37,44,35,37,37,37,44,50,26,0
12,5,2,18,17,19,1,17,16,17,13,17,16,11,29,15,28,17,17,17,6,19,23,1
36,54,34,34,34,42,33,42,44,44,35,44,44,52,40,37,43,45,45,45,48,35,35,1
25,19,59,43,42,36,48,35,19,9,20,17,20,40,46,16,14,16,16,16,13,14,28,0
36,37,9,17,17,8,9,9,8,13,17,12,8,36,17,19,10,12,12,12,10,18,24,1
56,22,41,38,36,46,39,44,37,41,31,43,36,48,26,37,43,44,44,44,53,35,42,0
36,16,49,39,38,31,44,31,29,22,44,21,30,11,27,21,20,22,22,22,19,21,16,1
38,46,39,43,44,52,36,53,39,46,36,51,39,58,26,43,57,51,51,51,49,42,47,0
14,53,5,30,18,33,59,18,13,17,13,11,13,2,4,15,19,11,11,11,14,14,26,0
40,55,23,52,52,54,20,54,55,55,52,54,55,41,49,52,54,55,55,55,51,52,53,0
7,0,10,0,0,4,7,4,7,9,0,3,7,4,2,0,4,3,3,3,2,0,0,1
37,54,27,49,48,49,26,49,51,54,47,50,50,47,53,49,50,51,51,51,48,49,50,0
36,58,37,41,41,52,36,52,41,41,36,51,40,36,15,41,51,52,52,52,38,40,44,0
27,29,57,59,43,56,50,30,21,21,28,21,21,25,49,21,29,21,21,21,20,21,40,0
10,13,1,56,12,33,0,17,17,18,12,19,17,17,37,11,18,19,19,19,8,11,11,0
18,21,19,30,23,30,16,22,59,45,59,32,59,53,57,32,29,31,31,31,32,37,2,0
27,45,23,46,46,46,21,46,54,53,49,46,55,42,53,47,46,47,47,47,46,46,40,0
8,14,2,6,6,12,3,12,16,18,9,15,16,5,5,8,17,15,15,15,15,13,6,1
