suite,dataset,k,loss
tiny,syn0,2,0.544681740031
tiny,syn0,3,0.517219768730
tiny,syn1,2,0.542407843616
tiny,syn1,3,0.507827326098
tiny,syn2,2,0.610845390215
tiny,syn2,3,0.599719720853
tiny,syn3,2,0.539404366775
tiny,syn3,3,0.485652725195
tiny,syn4,2,0.613240731666
tiny,syn4,3,0.588803998860
tiny,syn5,2,0.490615753377
tiny,syn5,3,0.488179556135
tiny,syn6,2,0.148027881130
tiny,syn6,3,0.139065537825
tiny,syn7,2,0.501528048223
tiny,syn7,3,0.485461206159
tiny,syn8,2,0.496115369100
tiny,syn8,3,0.482924949004
tiny,syn9,2,0.504707864910
tiny,syn9,3,0.490354430878
tiny,syn10,2,0.489081041710
tiny,syn10,3,0.479316034993
tiny,syn11,2,0.492110417325
tiny,syn11,3,0.451694525092
tiny,adult0,2,0.440441526261
tiny,adult0,3,0.428557633456
tiny,adult1,2,0.425192776186
tiny,adult1,3,0.410498571560
tiny,bank0,2,0.287375793341
tiny,bank0,3,0.282407625192
tiny,bank1,2,0.274459134279
tiny,bank1,3,0.264903241483
tiny,mammo0,2,0.487072492720
tiny,mammo0,3,0.465835772234
tiny,mammo1,2,0.487072492720
tiny,mammo1,3,0.465835772234
tiny,mushroom0,2,0.153396752782
tiny,mushroom0,3,0.116989552072
tiny,mushroom1,2,0.128780253498
tiny,mushroom1,3,0.100917802313
tiny,fico0,2,0.581200744768
tiny,fico0,3,0.574847113794
tiny,fico1,2,0.610200840347
tiny,fico1,3,0.600580987332
tiny,compas0,2,0.629996371801
tiny,compas0,3,0.619285462548
tiny,compas1,2,0.619011228834
tiny,compas1,3,0.611227186549
tiny,australian0,2,0.343349464822
tiny,australian0,3,0.328136755901
tiny,australian1,2,0.343349464822
tiny,australian1,3,0.328136755901
tiny,heart0,2,0.391455727412
tiny,heart0,3,0.328633258954
tiny,heart1,2,0.391455727412
tiny,heart1,3,0.328633258954
tiny,ilpd0,2,0.518609088955
tiny,ilpd0,3,0.509555778994
tiny,ilpd1,2,0.518609088955
tiny,ilpd1,3,0.509555778994
