name,n_train,features,positive_rate
syn0,1600,10,0.317
syn1,640,10,0.679
syn2,1600,10,0.406
syn3,1600,10,0.648
syn4,1600,10,0.609
syn5,1600,10,0.621
syn6,640,10,0.04
syn7,1600,10,0.234
syn8,1600,10,0.685
syn9,640,10,0.388
syn10,1600,10,0.261
syn11,240,10,0.74
adult0,1600,10,0.241
adult1,1600,10,0.241
bank0,1600,10,0.113
bank1,1600,10,0.113
mammo0,614,10,0.464
mammo1,614,10,0.464
mushroom0,1600,10,0.482
mushroom1,1600,10,0.482
fico0,1600,10,0.5
fico1,1600,10,0.5
compas0,1600,10,0.47
compas1,1600,10,0.47
australian0,441,10,0.446
australian1,441,10,0.446
heart0,172,10,0.444
heart1,172,10,0.444
ilpd0,372,10,0.285
ilpd1,372,10,0.285
