model,dataset,n,p,lam,objective,errors,leaves,seconds,wall,status,size,iterations,binary_features,lb,ub,known_objective,known_certified,verdict
gosdt,chudi,77,2,0.1,0.464935064935065,5,4,0.002,0.002,optimal,123.0,201.0,48.0,,,0.464935,True,ok
gosdt,chudi,77,2,0.05,0.25,0,5,0.043,0.043,optimal,1455.0,4945.0,48.0,,,0.25,True,ok
gosdt,chudi,77,2,0.02,0.1,0,5,0.567,0.567,optimal,3703.0,28524.0,48.0,,,0.1,True,ok
gosdt,chudi,77,2,0.01,0.05,0,5,1.344,1.344,optimal,4132.0,42493.0,48.0,,,0.05,True,ok
gosdt,chudi,77,2,0.005,0.025,0,5,1.821,1.821,optimal,4183.0,48639.0,48.0,,,0.025,True,ok
gosdt,monk_3,122,11,0.1,0.5213114754098361,27,3,0.0,0.0,optimal,24.0,27.0,13.0,,,0.521311,True,ok
gosdt,monk_3,122,11,0.05,0.3713114754098361,27,3,0.005,0.005,optimal,656.0,1184.0,13.0,,,0.371311,True,ok
gosdt,monk_3,122,11,0.02,0.2429508196721311,15,6,0.053,0.053,optimal,3711.0,11724.0,13.0,,,0.242951,True,ok
gosdt,monk_3,122,11,0.01,0.1555737704918032,8,9,0.264,0.264,optimal,6948.0,30618.0,13.0,,,0.155574,True,ok
gosdt,monk_3,122,11,0.005,0.0945901639344262,3,14,1.006,1.006,optimal,9220.0,60497.0,13.0,,,0.09459,True,ok
gosdt,monk_1,124,11,0.1,0.4661290322580645,33,2,0.0,0.0,optimal,29.0,31.0,13.0,,,0.466129,True,ok
gosdt,monk_1,124,11,0.05,0.3387096774193548,11,5,0.002,0.002,optimal,332.0,655.0,13.0,,,0.33871,True,ok
gosdt,monk_1,124,11,0.02,0.16,0,8,0.053,0.053,optimal,3822.0,11545.0,13.0,,,0.16,True,ok
gosdt,monk_1,124,11,0.01,0.08,0,8,0.246,0.246,optimal,7072.0,29406.0,13.0,,,0.08,True,ok
gosdt,monk_1,124,11,0.005,0.04,0,8,0.771,0.771,optimal,8781.0,52890.0,13.0,,,0.04,True,ok
gosdt,iris,150,4,0.1,0.34,6,3,0.128,0.128,optimal,1571.0,2661.0,122.0,,,0.34,True,ok
gosdt,iris,150,4,0.05,0.19,6,3,2.143,2.143,optimal,16850.0,59441.0,122.0,,,0.19,True,ok
gosdt,iris,150,4,0.02,0.1,3,4,16.426,16.426,optimal,76312.0,522665.0,122.0,,,0.1,True,ok
gosdt,iris,150,4,0.01,0.06,3,4,30.0,30.0,time,215881.0,2828351.0,122.0,,,0.06,True,ok
gosdt,iris,150,4,0.005,0.045,3,5,30.0,30.0,time,342649.0,5269999.0,122.0,,,0.038333,True,worse_than_known
gosdt,monk_2,169,11,0.1,0.478698224852071,64,1,0.0,0.0,optimal,23.0,23.0,13.0,,,0.478698,True,ok
gosdt,monk_2,169,11,0.05,0.428698224852071,64,1,0.005,0.005,optimal,661.0,1253.0,13.0,,,0.428698,True,ok
gosdt,monk_2,169,11,0.02,0.3589349112426035,37,7,0.075,0.075,optimal,4537.0,15443.0,13.0,,,0.358935,True,ok
gosdt,monk_2,169,11,0.01,0.2650887573964497,11,20,0.444,0.444,optimal,8893.0,43874.0,13.0,,,0.265089,True,ok
gosdt,monk_2,169,11,0.005,0.1527514792899408,3,27,1.858,1.858,optimal,12052.0,93062.0,13.0,,,0.152751,True,ok
gosdt,tic-tac-toe,958,9,0.1,0.4465553235908142,332,1,0.002,0.002,optimal,55.0,55.0,29.0,,,0.446555,True,ok
gosdt,tic-tac-toe,958,9,0.05,0.3965553235908142,332,1,0.163,0.163,optimal,4527.0,7046.0,29.0,,,0.396555,True,ok
gosdt,tic-tac-toe,958,9,0.02,0.3245929018789144,196,6,19.608,19.608,optimal,370481.0,928841.0,29.0,,,0.31833,True,WRONG
gosdt,tic-tac-toe,958,9,0.01,0.2507515657620042,154,9,30.0,30.0,time,1862024.0,6628458.0,29.0,,,0.250752,True,ok
gosdt,tic-tac-toe,958,9,0.005,nan,,,30.0,30.0,memory,nan,nan,29.0,,,0.15428,True,no_tree
gosdt,gaussian_1k,1000,1,0.1,0.397,297,1,0.152,0.152,optimal,393.0,393.0,1001.0,,,0.397,True,ok
gosdt,gaussian_1k,1000,1,0.05,0.275,125,3,30.0,30.0,time,23204.0,415302.0,1001.0,,,0.275,True,ok
gosdt,gaussian_1k,1000,1,0.02,0.317,297,1,30.0,30.0,time,58903.0,579999.0,1001.0,,,0.185,True,worse_than_known
gosdt,gaussian_1k,1000,1,0.01,0.307,297,1,30.0,30.0,time,79715.0,239999.0,1001.0,,,0.155,True,worse_than_known
gosdt,gaussian_1k,1000,1,0.005,0.302,297,1,30.0,30.0,time,62470.0,139999.0,1001.0,,,0.14,True,worse_than_known
gosdt,fico_1k,1000,23,0.1,0.491,291,2,30.0,30.0,time,17937.0,29999.0,1409.0,,,0.491,True,ok
gosdt,fico_1k,1000,23,0.05,0.391,291,2,30.0,30.0,time,10580.0,19999.0,1409.0,,,0.391,False,ok
gosdt,fico_1k,1000,23,0.02,nan,,,30.0,30.0,time,nan,nan,1409.0,,,0.331,False,no_tree
gosdt,fico_1k,1000,23,0.01,0.311,291,2,30.0,30.0,time,10795.0,19999.0,1409.0,,,0.304,False,worse_than_known
gosdt,fico_1k,1000,23,0.005,nan,,,30.0,30.0,time,nan,nan,1409.0,,,0.284,False,no_tree
gosdt,sine_1k,1000,1,0.1,0.595,495,1,30.0,30.0,time,37422.0,89999.0,1001.0,,,0.595,True,ok
gosdt,sine_1k,1000,1,0.05,nan,,,30.0,30.0,time,nan,nan,1001.0,,,0.545,False,no_tree
gosdt,sine_1k,1000,1,0.02,0.494,454,2,30.0,30.0,time,4692.0,9999.0,1001.0,,,0.494,False,ok
gosdt,sine_1k,1000,1,0.01,0.474,454,2,30.0,30.0,time,4692.0,9999.0,1001.0,,,0.443,False,worse_than_known
gosdt,sine_1k,1000,1,0.005,0.462,447,3,30.0,30.0,time,12642.0,39999.0,1001.0,,,0.4,False,worse_than_known
gosdt,car_evaluation,1728,15,0.1,0.3997685185185186,518,1,0.0,0.0,optimal,21.0,21.0,17.0,,,0.399769,True,ok
gosdt,car_evaluation,1728,15,0.05,0.2946759259259259,250,3,0.009,0.009,optimal,441.0,683.0,17.0,,,0.294676,True,ok
gosdt,car_evaluation,1728,15,0.02,0.2046759259259259,250,3,0.564,0.564,optimal,18368.0,53984.0,17.0,,,0.204676,True,ok
gosdt,car_evaluation,1728,15,0.01,0.1452314814814815,130,7,2.561,2.561,optimal,62947.0,268336.0,17.0,,,0.145231,True,ok
gosdt,car_evaluation,1728,15,0.005,0.1063425925925926,106,9,6.276,6.276,optimal,125422.0,727275.0,17.0,,,0.106343,True,ok
gosdt,coupon_bar,1913,14,0.1,0.5119184526921067,788,1,0.0,0.0,optimal,1.0,0.0,16.0,,,0.511918,True,ok
gosdt,coupon_bar,1913,14,0.05,0.4538944066910612,677,2,0.0,0.0,optimal,29.0,29.0,16.0,,,0.453894,True,ok
gosdt,coupon_bar,1913,14,0.02,0.3715525352848928,596,3,0.017,0.017,optimal,694.0,1603.0,16.0,,,0.371553,True,ok
gosdt,coupon_bar,1913,14,0.01,0.3410977522216414,576,4,0.375,0.375,optimal,8775.0,41874.0,16.0,,,0.341098,True,ok
gosdt,coupon_bar,1913,14,0.005,0.3186199686356508,533,8,1.892,1.892,optimal,27611.0,221925.0,16.0,,,0.31862,True,ok
gosdt,compas_binned,6907,12,0.1,0.5610829593166353,2494,2,0.0,0.0,optimal,1.0,0.0,14.0,,,0.561083,True,ok
gosdt,compas_binned,6907,12,0.05,0.4610829593166353,2494,2,0.0,0.0,optimal,1.0,0.0,14.0,,,0.461083,True,ok
gosdt,compas_binned,6907,12,0.02,0.4010829593166353,2494,2,0.0,0.0,optimal,21.0,21.0,14.0,,,0.401083,True,ok
gosdt,compas_binned,6907,12,0.01,0.3748675256985666,2382,3,0.008,0.008,optimal,215.0,360.0,14.0,,,0.374868,True,ok
gosdt,compas_binned,6907,12,0.005,0.355968582597365,2286,5,0.064,0.064,optimal,1505.0,3907.0,14.0,,,0.355969,True,ok
gosdt,fico_binary,10459,17,0.1,0.5040443637058992,3180,2,0.0,0.0,optimal,1.0,0.0,19.0,,,0.504044,True,ok
gosdt,fico_binary,10459,17,0.05,0.4040443637058992,3180,2,0.002,0.002,optimal,25.0,25.0,19.0,,,0.404044,True,ok
gosdt,fico_binary,10459,17,0.02,0.3440443637058992,3180,2,0.084,0.084,optimal,683.0,1167.0,19.0,,,0.344044,True,ok
gosdt,fico_binary,10459,17,0.01,0.3240443637058992,3180,2,3.344,3.344,optimal,23062.0,57536.0,19.0,,,0.324044,True,ok
gosdt,fico_binary,10459,17,0.005,0.308650922650349,3019,4,30.0,30.0,time,160078.0,560744.0,19.0,,,0.308651,True,ok
gosdt,compas_processed,12381,22,0.1,0.411364187060819,3855,1,30.0,30.0,time,759.0,759.0,645.0,,,0.411364,True,ok
gosdt,compas_processed,12381,22,0.05,0.3613641870608189,3855,1,30.0,30.0,time,nan,nan,645.0,,,0.361364,True,ok
gosdt,compas_processed,12381,22,0.02,nan,,,30.0,30.0,time,nan,nan,645.0,,,0.32786,False,no_tree
gosdt,compas_processed,12381,22,0.01,nan,,,30.0,30.0,time,nan,nan,645.0,,,0.30786,False,no_tree
gosdt,compas_processed,12381,22,0.005,nan,,,30.0,30.0,time,nan,nan,645.0,,,0.29786,False,no_tree
pygosdt_v1,chudi,77,2,0.1,0.464935064935065,5,4,0.0023939169477671,0.0023939169477671,optimal,105.0,61.0,46.0,,,0.464935,True,ok
pygosdt_v1,chudi,77,2,0.05,0.25,0,5,0.0056854580179788,0.0056854580179788,optimal,242.0,154.0,46.0,,,0.25,True,ok
pygosdt_v1,chudi,77,2,0.02,0.1,0,5,0.0102417079615406,0.0102417079615406,optimal,405.0,285.0,46.0,,,0.1,True,ok
pygosdt_v1,chudi,77,2,0.01,0.05,0,5,0.0107096249703317,0.0107096249703317,optimal,423.0,297.0,46.0,,,0.05,True,ok
pygosdt_v1,chudi,77,2,0.005,0.025,0,5,0.0108717919792979,0.0108717919792979,optimal,423.0,297.0,46.0,,,0.025,True,ok
pygosdt_v1,monk_3,122,11,0.1,0.5213114754098361,27,3,0.0006269589648582,0.0006269589648582,optimal,24.0,18.0,11.0,,,0.521311,True,ok
pygosdt_v1,monk_3,122,11,0.05,0.3713114754098361,27,3,0.0029375000158324,0.0029375000158324,optimal,151.0,104.0,11.0,,,0.371311,True,ok
pygosdt_v1,monk_3,122,11,0.02,0.2429508196721311,15,6,0.0217426249873824,0.0217426249873824,optimal,1001.0,808.0,11.0,,,0.242951,True,ok
pygosdt_v1,monk_3,122,11,0.01,0.1555737704918032,8,9,0.0536201669601723,0.0536201669601723,optimal,2253.0,2021.0,11.0,,,0.155574,True,ok
pygosdt_v1,monk_3,122,11,0.005,0.0945901639344262,3,14,0.0944934589788317,0.0944934589788317,optimal,3494.0,3599.0,11.0,,,0.09459,True,ok
pygosdt_v1,monk_1,124,11,0.1,0.4661290322580645,33,2,0.0007814589771442,0.0007814589771442,optimal,34.0,21.0,11.0,,,0.466129,True,ok
pygosdt_v1,monk_1,124,11,0.05,0.3387096774193548,11,5,0.0026683750329539,0.0026683750329539,optimal,146.0,92.0,11.0,,,0.33871,True,ok
pygosdt_v1,monk_1,124,11,0.02,0.16,0,8,0.007693332969211,0.007693332969211,optimal,427.0,266.0,11.0,,,0.16,True,ok
pygosdt_v1,monk_1,124,11,0.01,0.08,0,8,0.0094587500207126,0.0094587500207126,optimal,545.0,330.0,11.0,,,0.08,True,ok
pygosdt_v1,monk_1,124,11,0.005,0.04,0,8,0.0103255419526249,0.0103255419526249,optimal,583.0,363.0,11.0,,,0.04,True,ok
pygosdt_v1,iris,150,4,0.1,0.34,6,3,0.0013029999681748,0.0013029999681748,optimal,51.0,25.0,118.0,,,0.34,True,ok
pygosdt_v1,iris,150,4,0.05,0.19,6,3,0.001503582985606,0.001503582985606,optimal,63.0,31.0,118.0,,,0.19,True,ok
pygosdt_v1,iris,150,4,0.02,0.1,6,3,0.0255035000154748,0.0255035000154748,optimal,861.0,639.0,118.0,,,0.1,True,ok
pygosdt_v1,iris,150,4,0.01,0.06,3,4,0.1378733339952305,0.1378733339952305,optimal,3812.0,3309.0,118.0,,,0.06,True,ok
pygosdt_v1,iris,150,4,0.005,0.0383333333333333,2,5,0.5848042919533327,0.5848042919533327,optimal,14743.0,15705.0,118.0,,,0.038333,True,ok
pygosdt_v1,monk_2,169,11,0.1,0.478698224852071,64,1,0.0006054159603081,0.0006054159603081,optimal,23.0,20.0,11.0,,,0.478698,True,ok
pygosdt_v1,monk_2,169,11,0.05,0.428698224852071,64,1,0.0040494169807061,0.0040494169807061,optimal,188.0,148.0,11.0,,,0.428698,True,ok
pygosdt_v1,monk_2,169,11,0.02,0.3589349112426035,37,7,0.0469673330080695,0.0469673330080695,optimal,2022.0,1774.0,11.0,,,0.358935,True,ok
pygosdt_v1,monk_2,169,11,0.01,0.2650887573964497,11,20,0.1290817919652909,0.1290817919652909,optimal,4963.0,4929.0,11.0,,,0.265089,True,ok
pygosdt_v1,monk_2,169,11,0.005,0.1527514792899408,3,27,0.2105822500307113,0.2105822500307113,optimal,7525.0,8135.0,11.0,,,0.152751,True,ok
pygosdt_v1,tic-tac-toe,958,9,0.1,0.4465553235908142,332,1,0.0010938750347122,0.0010938750347122,optimal,55.0,36.0,27.0,,,0.446555,True,ok
pygosdt_v1,tic-tac-toe,958,9,0.05,0.3965553235908142,332,1,0.0209742500446736,0.0209742500446736,optimal,1051.0,744.0,27.0,,,0.396555,True,ok
pygosdt_v1,tic-tac-toe,958,9,0.02,0.3183298538622129,190,6,1.6646004580543377,1.6646004580543377,optimal,69872.0,59303.0,27.0,,,0.31833,True,ok
pygosdt_v1,tic-tac-toe,958,9,0.01,0.2507515657620042,154,9,11.506411415990442,11.506411415990442,optimal,426309.0,396028.0,27.0,,,0.250752,True,ok
pygosdt_v1,tic-tac-toe,958,9,0.005,0.1542797494780793,52,20,25.247831625049,25.247831625049,optimal,957506.0,875917.0,27.0,,,0.15428,True,ok
pygosdt_v1,gaussian_1k,1000,1,0.1,0.397,297,1,0.0103442500112578,0.0103442500112578,optimal,175.0,88.0,999.0,,,0.397,True,ok
pygosdt_v1,gaussian_1k,1000,1,0.05,0.275,125,3,0.7593710829969496,0.7593710829969496,optimal,8340.0,10044.0,999.0,,,0.275,True,ok
pygosdt_v1,gaussian_1k,1000,1,0.02,0.185,125,3,18.89700241701212,18.89700241701212,optimal,48661.0,141271.0,999.0,,,0.185,True,ok
pygosdt_v1,gaussian_1k,1000,1,0.01,0.155,125,3,30.0,30.0,time,81817.0,405467.0,999.0,,,0.155,True,ok
pygosdt_v1,gaussian_1k,1000,1,0.005,0.14,125,3,30.0,30.0,time,112006.0,985566.0,999.0,,,0.14,True,ok
pygosdt_v1,fico_1k,1000,23,0.1,0.491,291,2,9.509336292045193,9.509336292045193,optimal,95356.0,73691.0,1357.0,,,0.491,True,ok
pygosdt_v1,fico_1k,1000,23,0.05,0.391,291,2,30.0,30.0,time,4673540.0,4634880.0,1357.0,,,0.391,False,ok
pygosdt_v1,fico_1k,1000,23,0.02,0.3309999999999999,291,2,30.0,30.0,time,5047643.0,4724160.0,1357.0,,,0.331,False,ok
pygosdt_v1,fico_1k,1000,23,0.01,0.311,291,2,30.0,30.0,time,5084652.0,4505152.0,1357.0,,,0.304,False,worse_than_known
pygosdt_v1,fico_1k,1000,23,0.005,0.301,291,2,30.0,30.0,time,5199994.0,4585920.0,1357.0,,,0.284,False,worse_than_known
pygosdt_v1,sine_1k,1000,1,0.1,0.595,495,1,2.88772183295805,2.88772183295805,optimal,24046.0,25386.0,999.0,,,0.595,True,ok
pygosdt_v1,sine_1k,1000,1,0.05,0.545,495,1,30.0,30.0,time,264420.0,923648.0,999.0,,,0.545,False,ok
pygosdt_v1,sine_1k,1000,1,0.02,0.494,454,2,30.0,30.0,time,186570.0,1007616.0,999.0,,,0.494,False,ok
pygosdt_v1,sine_1k,1000,1,0.01,0.474,454,2,30.0,30.0,time,176491.0,1150976.0,999.0,,,0.443,False,worse_than_known
pygosdt_v1,sine_1k,1000,1,0.005,0.4,340,12,30.0,30.0,time,148584.0,1375936.0,999.0,,,0.4,False,ok
pygosdt_v1,car_evaluation,1728,15,0.1,0.3997685185185186,518,1,0.0010846660006791,0.0010846660006791,optimal,21.0,11.0,15.0,,,0.399769,True,ok
pygosdt_v1,car_evaluation,1728,15,0.05,0.2946759259259259,250,3,0.006231958977878,0.006231958977878,optimal,118.0,88.0,15.0,,,0.294676,True,ok
pygosdt_v1,car_evaluation,1728,15,0.02,0.2046759259259259,250,3,0.0612191670225001,0.0612191670225001,optimal,1848.0,1400.0,15.0,,,0.204676,True,ok
pygosdt_v1,car_evaluation,1728,15,0.01,0.1452314814814815,130,7,0.1957122500170953,0.1957122500170953,optimal,7189.0,6405.0,15.0,,,0.145231,True,ok
pygosdt_v1,car_evaluation,1728,15,0.005,0.1063425925925926,106,9,0.5767841250053607,0.5767841250053607,optimal,20615.0,21039.0,15.0,,,0.106343,True,ok
pygosdt_v1,coupon_bar,1913,14,0.1,0.5119184526921067,788,1,0.0001289169886149,0.0001289169886149,optimal,1.0,1.0,14.0,,,0.511918,True,ok
pygosdt_v1,coupon_bar,1913,14,0.05,0.4538944066910612,677,2,0.0015731670428067,0.0015731670428067,optimal,29.0,15.0,14.0,,,0.453894,True,ok
pygosdt_v1,coupon_bar,1913,14,0.02,0.3715525352848928,596,3,0.0072995829978026,0.0072995829978026,optimal,179.0,106.0,14.0,,,0.371553,True,ok
pygosdt_v1,coupon_bar,1913,14,0.01,0.3410977522216414,576,4,0.0277707499917596,0.0277707499917596,optimal,989.0,704.0,14.0,,,0.341098,True,ok
pygosdt_v1,coupon_bar,1913,14,0.005,0.3186199686356508,533,8,0.1841989170061424,0.1841989170061424,optimal,5708.0,6194.0,14.0,,,0.31862,True,ok
pygosdt_v1,compas_binned,6907,12,0.1,0.5610829593166353,2494,2,0.0002207499928772,0.0002207499928772,optimal,3.0,1.0,12.0,,,0.561083,True,ok
pygosdt_v1,compas_binned,6907,12,0.05,0.4610829593166353,2494,2,0.0002962499856948,0.0002962499856948,optimal,3.0,1.0,12.0,,,0.461083,True,ok
pygosdt_v1,compas_binned,6907,12,0.02,0.4010829593166353,2494,2,0.0010955000179819,0.0010955000179819,optimal,21.0,11.0,12.0,,,0.401083,True,ok
pygosdt_v1,compas_binned,6907,12,0.01,0.3748675256985666,2382,3,0.0044776250142604,0.0044776250142604,optimal,105.0,57.0,12.0,,,0.374868,True,ok
pygosdt_v1,compas_binned,6907,12,0.005,0.355968582597365,2286,5,0.0074940420454367,0.0074940420454367,optimal,354.0,221.0,12.0,,,0.355969,True,ok
pygosdt_v1,fico_binary,10459,17,0.1,0.5040443637058992,3180,2,0.0002481660339981,0.0002481660339981,optimal,3.0,1.0,17.0,,,0.504044,True,ok
pygosdt_v1,fico_binary,10459,17,0.05,0.4040443637058992,3180,2,0.0009852089569903,0.0009852089569903,optimal,25.0,13.0,17.0,,,0.404044,True,ok
pygosdt_v1,fico_binary,10459,17,0.02,0.3440443637058992,3180,2,0.0140150419902056,0.0140150419902056,optimal,428.0,240.0,17.0,,,0.344044,True,ok
pygosdt_v1,fico_binary,10459,17,0.01,0.3240443637058992,3180,2,0.2512562500196509,0.2512562500196509,optimal,9379.0,7063.0,17.0,,,0.324044,True,ok
pygosdt_v1,fico_binary,10459,17,0.005,0.308650922650349,3019,4,2.914489082992077,2.914489082992077,optimal,65876.0,74412.0,17.0,,,0.308651,True,ok
pygosdt_v1,compas_processed,12381,22,0.1,0.411364187060819,3855,1,0.0138245410053059,0.0138245410053059,optimal,175.0,88.0,621.0,,,0.411364,True,ok
pygosdt_v1,compas_processed,12381,22,0.05,0.3613641870608189,3855,1,30.0,30.0,time,2781174.0,2449408.0,621.0,,,0.361364,True,ok
pygosdt_v1,compas_processed,12381,22,0.02,0.3278604313060334,3564,2,30.0,30.0,time,2856482.0,2537472.0,621.0,,,0.32786,False,ok
pygosdt_v1,compas_processed,12381,22,0.01,0.3078604313060334,3564,2,30.0,30.0,time,2796407.0,2686976.0,621.0,,,0.30786,False,ok
pygosdt_v1,compas_processed,12381,22,0.005,0.2978604313060334,3564,2,30.0,30.0,time,2820655.0,2778112.0,621.0,,,0.29786,False,ok
streed,chudi,77,2,0.1,0.464935064935065,5,4,0.0157048330293037,0.0157048330293037,optimal,nan,nan,46.0,,,0.464935,True,ok
streed,chudi,77,2,0.05,0.25,0,5,0.007323458965402,0.007323458965402,optimal,nan,nan,46.0,,,0.25,True,ok
streed,chudi,77,2,0.02,0.1,0,5,0.0071390409721061,0.0071390409721061,optimal,nan,nan,46.0,,,0.1,True,ok
streed,chudi,77,2,0.01,0.05,0,5,0.0069812919828109,0.0069812919828109,optimal,nan,nan,46.0,,,0.05,True,ok
streed,chudi,77,2,0.005,0.025,0,5,0.0072767920210026,0.0072767920210026,optimal,nan,nan,46.0,,,0.025,True,ok
streed,monk_3,122,11,0.1,0.5213114754098361,27,3,0.0026221249718219,0.0026221249718219,optimal,nan,nan,11.0,,,0.521311,True,ok
streed,monk_3,122,11,0.05,0.3713114754098361,27,3,0.0043106660014018,0.0043106660014018,optimal,nan,nan,11.0,,,0.371311,True,ok
streed,monk_3,122,11,0.02,0.2429508196721311,15,6,0.0196733750053681,0.0196733750053681,optimal,nan,nan,11.0,,,0.242951,True,ok
streed,monk_3,122,11,0.01,0.1555737704918032,8,9,0.050698957988061,0.050698957988061,optimal,nan,nan,11.0,,,0.155574,True,ok
streed,monk_3,122,11,0.005,0.0945901639344262,3,14,0.1211989169823937,0.1211989169823937,optimal,nan,nan,11.0,,,0.09459,True,ok
streed,monk_1,124,11,0.1,0.4661290322580645,33,2,0.0026249589864164,0.0026249589864164,optimal,nan,nan,11.0,,,0.466129,True,ok
streed,monk_1,124,11,0.05,0.3387096774193548,11,5,0.0037583750090561,0.0037583750090561,optimal,nan,nan,11.0,,,0.33871,True,ok
streed,monk_1,124,11,0.02,0.16,0,8,0.0106017920188605,0.0106017920188605,optimal,nan,nan,11.0,,,0.16,True,ok
streed,monk_1,124,11,0.01,0.08,0,8,0.0093011669814586,0.0093011669814586,optimal,nan,nan,11.0,,,0.08,True,ok
streed,monk_1,124,11,0.005,0.04,0,8,0.0086155419703572,0.0086155419703572,optimal,nan,nan,11.0,,,0.04,True,ok
streed,iris,150,4,0.1,0.34,6,3,0.0113714169710874,0.0113714169710874,optimal,nan,nan,118.0,,,0.34,True,ok
streed,iris,150,4,0.05,0.19,6,3,0.0110518339788541,0.0110518339788541,optimal,nan,nan,118.0,,,0.19,True,ok
streed,iris,150,4,0.02,0.1,6,3,0.0228605829761363,0.0228605829761363,optimal,nan,nan,118.0,,,0.1,True,ok
streed,iris,150,4,0.01,0.06,3,4,0.2430032919510267,0.2430032919510267,optimal,nan,nan,118.0,,,0.06,True,ok
streed,iris,150,4,0.005,0.0383333333333333,2,5,21.512305875017773,21.512305875017773,optimal,nan,nan,118.0,,,0.038333,True,ok
streed,monk_2,169,11,0.1,0.478698224852071,64,1,0.0028076249873265,0.0028076249873265,optimal,nan,nan,11.0,,,0.478698,True,ok
streed,monk_2,169,11,0.05,0.428698224852071,64,1,0.0062563749961555,0.0062563749961555,optimal,nan,nan,11.0,,,0.428698,True,ok
streed,monk_2,169,11,0.02,0.3589349112426035,37,7,0.0654489580192603,0.0654489580192603,optimal,nan,nan,11.0,,,0.358935,True,ok
streed,monk_2,169,11,0.01,0.2650887573964497,11,20,1.5446829170105048,1.5446829170105048,optimal,nan,nan,11.0,,,0.265089,True,ok
streed,monk_2,169,11,0.005,0.1527514792899408,3,27,1.8231706250226123,1.8231706250226123,optimal,nan,nan,11.0,,,0.152751,True,ok
streed,tic-tac-toe,958,9,0.1,0.4465553235908142,332,1,0.0063309579854831,0.0063309579854831,optimal,nan,nan,27.0,,,0.446555,True,ok
streed,tic-tac-toe,958,9,0.05,0.3965553235908142,332,1,0.1187797920429147,0.1187797920429147,optimal,nan,nan,27.0,,,0.396555,True,ok
streed,tic-tac-toe,958,9,0.02,0.3183298538622129,190,6,6.093141165969428,6.093141165969428,optimal,nan,nan,27.0,,,0.31833,True,ok
streed,tic-tac-toe,958,9,0.01,0.2507515657620042,154,9,30.0,30.0,time,nan,nan,27.0,,,0.250752,True,ok
streed,tic-tac-toe,958,9,0.005,0.1542797494780793,52,20,30.0,30.0,time,nan,nan,27.0,,,0.15428,True,ok
streed,gaussian_1k,1000,1,0.1,0.397,297,1,0.2898900000145659,0.2898900000145659,optimal,nan,nan,999.0,,,0.397,True,ok
streed,gaussian_1k,1000,1,0.05,0.275,125,3,18.998683875019196,18.998683875019196,optimal,nan,nan,999.0,,,0.275,True,ok
streed,gaussian_1k,1000,1,0.02,0.185,125,3,30.0,30.0,time,nan,nan,999.0,,,0.185,True,ok
streed,gaussian_1k,1000,1,0.01,0.155,125,3,30.0,30.0,time,nan,nan,999.0,,,0.155,True,ok
streed,gaussian_1k,1000,1,0.005,0.14,125,3,30.0,30.0,time,nan,nan,999.0,,,0.14,True,ok
streed,fico_1k,1000,23,0.1,0.491,291,2,14.02715337497648,14.02715337497648,optimal,nan,nan,1357.0,,,0.491,True,ok
streed,fico_1k,1000,23,0.05,0.391,291,2,30.0,30.0,time,nan,nan,1357.0,,,0.391,False,ok
streed,fico_1k,1000,23,0.02,0.3309999999999999,291,2,30.0,30.0,time,nan,nan,1357.0,,,0.331,False,ok
streed,fico_1k,1000,23,0.01,0.304,264,4,30.0,30.0,time,nan,nan,1357.0,,,0.304,False,ok
streed,fico_1k,1000,23,0.005,0.284,264,4,30.0,30.0,time,nan,nan,1357.0,,,0.284,False,ok
streed,sine_1k,1000,1,0.1,0.595,495,1,30.0,30.0,time,nan,nan,999.0,,,0.595,True,ok
streed,sine_1k,1000,1,0.05,0.545,495,1,30.0,30.0,time,nan,nan,999.0,,,0.545,False,ok
streed,sine_1k,1000,1,0.02,0.494,454,2,30.0,30.0,time,nan,nan,999.0,,,0.494,False,ok
streed,sine_1k,1000,1,0.01,0.443,303,14,30.0,30.0,time,nan,nan,999.0,,,0.443,False,ok
streed,sine_1k,1000,1,0.005,0.416,376,8,30.0,30.0,time,nan,nan,999.0,,,0.4,False,worse_than_known
streed,car_evaluation,1728,15,0.1,0.3997685185185186,518,1,0.0040489999810233,0.0040489999810233,optimal,nan,nan,15.0,,,0.399769,True,ok
streed,car_evaluation,1728,15,0.05,0.2946759259259259,250,3,0.0087192500359378,0.0087192500359378,optimal,nan,nan,15.0,,,0.294676,True,ok
streed,car_evaluation,1728,15,0.02,0.2046759259259259,250,3,0.3416539169847965,0.3416539169847965,optimal,nan,nan,15.0,,,0.204676,True,ok
streed,car_evaluation,1728,15,0.01,0.1452314814814815,130,7,2.3865740839974023,2.3865740839974023,optimal,nan,nan,15.0,,,0.145231,True,ok
streed,car_evaluation,1728,15,0.005,0.1063425925925926,106,9,19.540209667000457,19.540209667000457,optimal,nan,nan,15.0,,,0.106343,True,ok
streed,coupon_bar,1913,14,0.1,0.5119184526921067,788,1,0.0077324170270003,0.0077324170270003,optimal,nan,nan,14.0,,,0.511918,True,ok
streed,coupon_bar,1913,14,0.05,0.4538944066910612,677,2,0.0039389170124195,0.0039389170124195,optimal,nan,nan,14.0,,,0.453894,True,ok
streed,coupon_bar,1913,14,0.02,0.3715525352848928,596,3,0.0527345000300556,0.0527345000300556,optimal,nan,nan,14.0,,,0.371553,True,ok
streed,coupon_bar,1913,14,0.01,0.3410977522216414,576,4,0.60464445798425,0.60464445798425,optimal,nan,nan,14.0,,,0.341098,True,ok
streed,coupon_bar,1913,14,0.005,0.3186199686356508,533,8,1.9976129579590631,1.9976129579590631,optimal,nan,nan,14.0,,,0.31862,True,ok
streed,compas_binned,6907,12,0.1,0.5610829593166353,2494,2,0.0062559170182794,0.0062559170182794,optimal,nan,nan,12.0,,,0.561083,True,ok
streed,compas_binned,6907,12,0.05,0.4610829593166353,2494,2,0.0055351249757222,0.0055351249757222,optimal,nan,nan,12.0,,,0.461083,True,ok
streed,compas_binned,6907,12,0.02,0.4010829593166353,2494,2,0.1793987920391373,0.1793987920391373,optimal,nan,nan,12.0,,,0.401083,True,ok
streed,compas_binned,6907,12,0.01,0.3748675256985666,2382,3,0.4777276249951683,0.4777276249951683,optimal,nan,nan,12.0,,,0.374868,True,ok
streed,compas_binned,6907,12,0.005,0.355968582597365,2286,5,0.695959499978926,0.695959499978926,optimal,nan,nan,12.0,,,0.355969,True,ok
streed,fico_binary,10459,17,0.1,0.5040443637058992,3180,2,0.0294866249896585,0.0294866249896585,optimal,nan,nan,17.0,,,0.504044,True,ok
streed,fico_binary,10459,17,0.05,0.4040443637058992,3180,2,0.0283132920158095,0.0283132920158095,optimal,nan,nan,17.0,,,0.404044,True,ok
streed,fico_binary,10459,17,0.02,0.3440443637058992,3180,2,0.5262711250106804,0.5262711250106804,optimal,nan,nan,17.0,,,0.344044,True,ok
streed,fico_binary,10459,17,0.01,0.3240443637058992,3180,2,5.631688707973808,5.631688707973808,optimal,nan,nan,17.0,,,0.324044,True,ok
streed,fico_binary,10459,17,0.005,0.308650922650349,3019,4,30.0,30.0,time,nan,nan,17.0,,,0.308651,True,ok
streed,compas_processed,12381,22,0.1,0.411364187060819,3855,1,0.1518191249924712,0.1518191249924712,optimal,nan,nan,621.0,,,0.411364,True,ok
streed,compas_processed,12381,22,0.05,0.3613641870608189,3855,1,30.0,30.0,time,nan,nan,621.0,,,0.361364,True,ok
streed,compas_processed,12381,22,0.02,0.3278604313060334,3564,2,30.0,30.0,time,nan,nan,621.0,,,0.32786,False,ok
streed,compas_processed,12381,22,0.01,0.3078604313060334,3564,2,30.0,30.0,time,nan,nan,621.0,,,0.30786,False,ok
streed,compas_processed,12381,22,0.005,0.2978604313060334,3564,2,30.0,30.0,time,nan,nan,621.0,,,0.29786,False,ok
gosdt_guesses,chudi,77,2,0.1,0.464935064935065,5,4,0.006,0.006,optimal,450.0,1090.0,46.0,,,0.464935,True,ok
gosdt_guesses,chudi,77,2,0.05,0.25,0,5,0.977,0.977,optimal,7690.0,85831.0,46.0,,,0.25,True,ok
gosdt_guesses,chudi,77,2,0.02,0.1,0,5,11.14,11.14,optimal,13321.0,334282.0,46.0,,,0.1,True,ok
gosdt_guesses,chudi,77,2,0.01,0.05,0,5,19.562,19.562,optimal,13858.0,408424.0,46.0,,,0.05,True,ok
gosdt_guesses,chudi,77,2,0.005,0.025,0,5,21.631,21.631,optimal,13979.0,437640.0,46.0,,,0.025,True,ok
gosdt_guesses,monk_3,122,11,0.1,0.5213114754098361,27,3,0.0,0.0,optimal,24.0,27.0,11.0,,,0.521311,True,ok
gosdt_guesses,monk_3,122,11,0.05,0.3713114754098361,27,3,0.003,0.003,optimal,672.0,1229.0,11.0,,,0.371311,True,ok
gosdt_guesses,monk_3,122,11,0.02,0.2429508196721311,15,6,0.051,0.051,optimal,3914.0,12718.0,11.0,,,0.242951,True,ok
gosdt_guesses,monk_3,122,11,0.01,0.1555737704918032,8,9,0.283,0.283,optimal,7119.0,31917.0,11.0,,,0.155574,True,ok
gosdt_guesses,monk_3,122,11,0.005,0.0945901639344262,3,14,1.215,1.215,optimal,9273.0,63106.0,11.0,,,0.09459,True,ok
gosdt_guesses,monk_1,124,11,0.1,0.4661290322580645,33,2,0.0,0.0,optimal,29.0,31.0,11.0,,,0.466129,True,ok
gosdt_guesses,monk_1,124,11,0.05,0.3387096774193548,11,5,0.001,0.001,optimal,340.0,660.0,11.0,,,0.33871,True,ok
gosdt_guesses,monk_1,124,11,0.02,0.16,0,8,0.047,0.047,optimal,3970.0,12082.0,11.0,,,0.16,True,ok
gosdt_guesses,monk_1,124,11,0.01,0.08,0,8,0.275,0.275,optimal,7228.0,30849.0,11.0,,,0.08,True,ok
gosdt_guesses,monk_1,124,11,0.005,0.04,0,8,0.901,0.901,optimal,8849.0,54956.0,11.0,,,0.04,True,ok
gosdt_guesses,iris,150,4,0.1,0.34,6,3,4.616,4.616,optimal,29239.0,166409.0,118.0,,,0.34,True,ok
gosdt_guesses,iris,150,4,0.05,nan,,,30.0,30.0,time,nan,nan,nan,,,0.19,True,no_tree
gosdt_guesses,iris,150,4,0.02,0.1,6,3,30.0,30.0,time,147475.0,2589999.0,118.0,,,0.1,True,ok
gosdt_guesses,iris,150,4,0.01,nan,,,30.0,30.0,time,nan,nan,nan,,,0.06,True,no_tree
gosdt_guesses,iris,150,4,0.005,nan,,,30.0,30.0,time,nan,nan,nan,,,0.038333,True,no_tree
gosdt_guesses,monk_2,169,11,0.1,0.478698224852071,64,1,0.0,0.0,optimal,23.0,23.0,11.0,,,0.478698,True,ok
gosdt_guesses,monk_2,169,11,0.05,0.428698224852071,64,1,0.004,0.004,optimal,662.0,1260.0,11.0,,,0.428698,True,ok
gosdt_guesses,monk_2,169,11,0.02,0.3589349112426035,37,7,0.069,0.069,optimal,4633.0,15773.0,11.0,,,0.358935,True,ok
gosdt_guesses,monk_2,169,11,0.01,0.2650887573964497,11,20,0.483,0.483,optimal,9057.0,45065.0,11.0,,,0.265089,True,ok
gosdt_guesses,monk_2,169,11,0.005,0.1527514792899408,3,27,2.311,2.311,optimal,12201.0,98714.0,11.0,,,0.152751,True,ok
gosdt_guesses,tic-tac-toe,958,9,0.1,0.4465553235908142,332,1,0.0,0.0,optimal,55.0,55.0,27.0,,,0.446555,True,ok
gosdt_guesses,tic-tac-toe,958,9,0.05,0.3965553235908142,332,1,0.051,0.051,optimal,4761.0,7613.0,27.0,,,0.396555,True,ok
gosdt_guesses,tic-tac-toe,958,9,0.02,0.3183298538622129,190,6,8.806,8.806,optimal,385953.0,979871.0,27.0,,,0.31833,True,ok
gosdt_guesses,tic-tac-toe,958,9,0.01,nan,,,30.0,30.0,time,nan,nan,nan,,,0.250752,True,no_tree
gosdt_guesses,tic-tac-toe,958,9,0.005,nan,,,30.0,30.0,time,nan,nan,nan,,,0.15428,True,no_tree
gosdt_guesses,gaussian_1k,1000,1,0.1,0.397,297,1,0.381,0.381,optimal,1791.0,1791.0,999.0,,,0.397,True,ok
gosdt_guesses,gaussian_1k,1000,1,0.05,nan,,,30.0,30.0,time,nan,nan,nan,,,0.275,True,no_tree
gosdt_guesses,gaussian_1k,1000,1,0.02,nan,,,30.0,30.0,time,nan,nan,nan,,,0.185,True,no_tree
gosdt_guesses,gaussian_1k,1000,1,0.01,nan,,,30.0,30.0,time,nan,nan,nan,,,0.155,True,no_tree
gosdt_guesses,gaussian_1k,1000,1,0.005,nan,,,30.0,30.0,time,nan,nan,nan,,,0.14,True,no_tree
gosdt_guesses,fico_1k,1000,23,0.1,nan,,,30.0,30.0,time,nan,nan,nan,,,0.491,True,no_tree
gosdt_guesses,fico_1k,1000,23,0.05,nan,,,30.0,30.0,time,nan,nan,nan,,,0.391,False,no_tree
gosdt_guesses,fico_1k,1000,23,0.02,nan,,,30.0,30.0,time,nan,nan,nan,,,0.331,False,no_tree
gosdt_guesses,fico_1k,1000,23,0.01,nan,,,30.0,30.0,time,nan,nan,nan,,,0.304,False,no_tree
gosdt_guesses,fico_1k,1000,23,0.005,nan,,,30.0,30.0,time,nan,nan,nan,,,0.284,False,no_tree
gosdt_guesses,sine_1k,1000,1,0.1,nan,,,30.0,30.0,time,nan,nan,nan,,,0.595,True,no_tree
gosdt_guesses,sine_1k,1000,1,0.05,nan,,,30.0,30.0,time,nan,nan,nan,,,0.545,False,no_tree
gosdt_guesses,sine_1k,1000,1,0.02,nan,,,30.0,30.0,time,nan,nan,nan,,,0.494,False,no_tree
gosdt_guesses,sine_1k,1000,1,0.01,nan,,,30.0,30.0,time,nan,nan,nan,,,0.443,False,no_tree
gosdt_guesses,sine_1k,1000,1,0.005,nan,,,30.0,30.0,time,nan,nan,nan,,,0.4,False,no_tree
gosdt_guesses,car_evaluation,1728,15,0.1,0.3997685185185186,518,1,0.0,0.0,optimal,21.0,21.0,15.0,,,0.399769,True,ok
gosdt_guesses,car_evaluation,1728,15,0.05,0.2946759259259259,250,3,0.004,0.004,optimal,476.0,775.0,15.0,,,0.294676,True,ok
gosdt_guesses,car_evaluation,1728,15,0.02,0.2046759259259259,250,3,0.349,0.349,optimal,19198.0,57423.0,15.0,,,0.204676,True,ok
gosdt_guesses,car_evaluation,1728,15,0.01,0.1452314814814815,130,7,1.765,1.765,optimal,64159.0,277008.0,15.0,,,0.145231,True,ok
gosdt_guesses,car_evaluation,1728,15,0.005,0.1063425925925926,106,9,4.731,4.731,optimal,126710.0,744674.0,15.0,,,0.106343,True,ok
gosdt_guesses,coupon_bar,1913,14,0.1,0.5119184526921067,788,1,0.0,0.0,optimal,1.0,0.0,14.0,,,0.511918,True,ok
gosdt_guesses,coupon_bar,1913,14,0.05,0.4538944066910612,677,2,0.0,0.0,optimal,29.0,29.0,14.0,,,0.453894,True,ok
gosdt_guesses,coupon_bar,1913,14,0.02,0.3715525352848928,596,3,0.008,0.008,optimal,731.0,1832.0,14.0,,,0.371553,True,ok
gosdt_guesses,coupon_bar,1913,14,0.01,0.3410977522216414,576,4,0.306,0.306,optimal,9215.0,47638.0,14.0,,,0.341098,True,ok
gosdt_guesses,coupon_bar,1913,14,0.005,0.3186199686356508,533,8,1.855,1.855,optimal,28273.0,230963.0,14.0,,,0.31862,True,ok
gosdt_guesses,compas_binned,6907,12,0.1,0.5610829593166353,2494,2,0.0,0.0,optimal,1.0,0.0,12.0,,,0.561083,True,ok
gosdt_guesses,compas_binned,6907,12,0.05,0.4610829593166353,2494,2,0.0,0.0,optimal,1.0,0.0,12.0,,,0.461083,True,ok
gosdt_guesses,compas_binned,6907,12,0.02,0.4010829593166353,2494,2,0.0,0.0,optimal,21.0,21.0,12.0,,,0.401083,True,ok
gosdt_guesses,compas_binned,6907,12,0.01,0.3748675256985666,2382,3,0.003,0.003,optimal,220.0,382.0,12.0,,,0.374868,True,ok
gosdt_guesses,compas_binned,6907,12,0.005,0.355968582597365,2286,5,0.042,0.042,optimal,1578.0,4347.0,12.0,,,0.355969,True,ok
gosdt_guesses,fico_binary,10459,17,0.1,0.5040443637058992,3180,2,0.0,0.0,optimal,1.0,0.0,17.0,,,0.504044,True,ok
gosdt_guesses,fico_binary,10459,17,0.05,0.4040443637058992,3180,2,0.0,0.0,optimal,25.0,25.0,17.0,,,0.404044,True,ok
gosdt_guesses,fico_binary,10459,17,0.02,0.3440443637058992,3180,2,0.024,0.024,optimal,693.0,1261.0,17.0,,,0.344044,True,ok
gosdt_guesses,fico_binary,10459,17,0.01,0.3240443637058992,3180,2,1.258,1.258,optimal,23755.0,62320.0,17.0,,,0.324044,True,ok
gosdt_guesses,fico_binary,10459,17,0.005,0.308650922650349,3019,4,12.851,12.851,optimal,167235.0,607840.0,17.0,,,0.308651,True,ok
gosdt_guesses,compas_processed,12381,22,0.1,0.411364187060819,3855,1,0.652,0.652,optimal,1045.0,1046.0,621.0,,,0.411364,True,ok
gosdt_guesses,compas_processed,12381,22,0.05,nan,,,30.0,30.0,time,nan,nan,nan,,,0.361364,True,no_tree
gosdt_guesses,compas_processed,12381,22,0.02,nan,,,30.0,30.0,time,nan,nan,nan,,,0.32786,False,no_tree
gosdt_guesses,compas_processed,12381,22,0.01,nan,,,30.0,30.0,time,nan,nan,nan,,,0.30786,False,no_tree
gosdt_guesses,compas_processed,12381,22,0.005,nan,,,30.0,30.0,time,nan,nan,nan,,,0.29786,False,no_tree
gosdt_guesses_guided,chudi,77,2,0.1,0.4727272727272727,21,2,0.0,0.0,heuristic,5.0,5.0,3.0,,,0.464935,True,worse_than_known
gosdt_guesses_guided,chudi,77,2,0.05,0.2779220779220779,6,4,0.0,0.0,heuristic,11.0,17.0,3.0,,,0.25,True,worse_than_known
gosdt_guesses_guided,chudi,77,2,0.02,0.1579220779220779,6,4,0.0,0.0,heuristic,11.0,17.0,3.0,,,0.1,True,worse_than_known
gosdt_guesses_guided,chudi,77,2,0.01,0.1179220779220779,6,4,0.0,0.0,heuristic,11.0,17.0,3.0,,,0.05,True,worse_than_known
gosdt_guesses_guided,chudi,77,2,0.005,0.0979220779220779,6,4,0.0,0.0,heuristic,11.0,17.0,3.0,,,0.025,True,worse_than_known
gosdt_guesses_guided,monk_3,122,11,0.1,0.5213114754098361,27,3,0.0,0.0,heuristic,11.0,11.0,5.0,,,0.521311,True,ok
gosdt_guesses_guided,monk_3,122,11,0.05,0.3713114754098361,27,3,0.0,0.0,heuristic,31.0,52.0,5.0,,,0.371311,True,ok
gosdt_guesses_guided,monk_3,122,11,0.02,0.2429508196721311,15,6,0.0,0.0,heuristic,53.0,150.0,5.0,,,0.242951,True,ok
gosdt_guesses_guided,monk_3,122,11,0.01,0.1655737704918032,8,10,0.0,0.0,heuristic,56.0,159.0,5.0,,,0.155574,True,worse_than_known
gosdt_guesses_guided,monk_3,122,11,0.005,0.1155737704918032,8,10,0.0,0.0,heuristic,57.0,161.0,5.0,,,0.09459,True,worse_than_known
gosdt_guesses_guided,monk_1,124,11,0.1,0.4661290322580645,33,2,0.0,0.0,heuristic,1.0,0.0,2.0,,,0.466129,True,ok
gosdt_guesses_guided,monk_1,124,11,0.05,0.3661290322580645,33,2,0.0,0.0,heuristic,1.0,0.0,2.0,,,0.33871,True,worse_than_known
gosdt_guesses_guided,monk_1,124,11,0.02,0.3061290322580645,33,2,0.0,0.0,heuristic,1.0,0.0,2.0,,,0.16,True,worse_than_known
gosdt_guesses_guided,monk_1,124,11,0.01,0.2861290322580645,33,2,0.0,0.0,heuristic,1.0,0.0,2.0,,,0.08,True,worse_than_known
gosdt_guesses_guided,monk_1,124,11,0.005,0.2761290322580645,33,2,0.0,0.0,heuristic,1.0,0.0,2.0,,,0.04,True,worse_than_known
gosdt_guesses_guided,iris,150,4,0.1,0.5333333333333333,50,2,0.0,0.0,heuristic,1.0,0.0,1.0,,,0.34,True,worse_than_known
gosdt_guesses_guided,iris,150,4,0.05,0.4333333333333333,50,2,0.0,0.0,heuristic,1.0,0.0,1.0,,,0.19,True,worse_than_known
gosdt_guesses_guided,iris,150,4,0.02,0.3733333333333333,50,2,0.0,0.0,heuristic,1.0,0.0,1.0,,,0.1,True,worse_than_known
gosdt_guesses_guided,iris,150,4,0.01,0.3533333333333333,50,2,0.0,0.0,heuristic,1.0,0.0,1.0,,,0.06,True,worse_than_known
gosdt_guesses_guided,iris,150,4,0.005,0.3433333333333333,50,2,0.0,0.0,heuristic,1.0,0.0,1.0,,,0.038333,True,worse_than_known
gosdt_guesses_guided,monk_2,169,11,0.1,0.478698224852071,64,1,0.0,0.0,heuristic,1.0,0.0,6.0,,,0.478698,True,ok
gosdt_guesses_guided,monk_2,169,11,0.05,0.428698224852071,64,1,0.0,0.0,heuristic,1.0,0.0,6.0,,,0.428698,True,ok
gosdt_guesses_guided,monk_2,169,11,0.02,0.398698224852071,64,1,0.0,0.0,heuristic,1.0,0.0,6.0,,,0.358935,True,worse_than_known
gosdt_guesses_guided,monk_2,169,11,0.01,0.388698224852071,64,1,0.0,0.0,heuristic,1.0,0.0,6.0,,,0.265089,True,worse_than_known
gosdt_guesses_guided,monk_2,169,11,0.005,0.3700295857988165,60,3,0.0,0.0,heuristic,7.0,7.0,6.0,,,0.152751,True,worse_than_known
gosdt_guesses_guided,tic-tac-toe,958,9,0.1,0.4465553235908142,332,1,0.0,0.0,heuristic,1.0,0.0,5.0,,,0.446555,True,ok
gosdt_guesses_guided,tic-tac-toe,958,9,0.05,0.3965553235908142,332,1,0.0,0.0,heuristic,3.0,3.0,5.0,,,0.396555,True,ok
gosdt_guesses_guided,tic-tac-toe,958,9,0.02,0.3406263048016701,288,2,0.0,0.0,heuristic,49.0,71.0,5.0,,,0.31833,True,worse_than_known
gosdt_guesses_guided,tic-tac-toe,958,9,0.01,0.3073903966597077,237,6,0.0,0.0,heuristic,125.0,250.0,5.0,,,0.250752,True,worse_than_known
gosdt_guesses_guided,tic-tac-toe,958,9,0.005,0.2733820459290187,214,10,0.0,0.0,heuristic,125.0,269.0,5.0,,,0.15428,True,worse_than_known
gosdt_guesses_guided,gaussian_1k,1000,1,0.1,0.397,297,1,0.0,0.0,heuristic,1.0,0.0,6.0,,,0.397,True,ok
gosdt_guesses_guided,gaussian_1k,1000,1,0.05,0.275,125,3,0.0,0.0,heuristic,13.0,13.0,6.0,,,0.275,True,ok
gosdt_guesses_guided,gaussian_1k,1000,1,0.02,0.185,125,3,0.0,0.0,heuristic,22.0,35.0,6.0,,,0.185,True,ok
gosdt_guesses_guided,gaussian_1k,1000,1,0.01,0.155,125,3,0.0,0.0,heuristic,25.0,59.0,6.0,,,0.155,True,ok
gosdt_guesses_guided,gaussian_1k,1000,1,0.005,0.14,125,3,0.0,0.0,heuristic,25.0,58.0,6.0,,,0.14,True,ok
gosdt_guesses_guided,fico_1k,1000,23,0.1,0.491,291,2,0.0,0.0,heuristic,1.0,0.0,13.0,,,0.491,True,ok
gosdt_guesses_guided,fico_1k,1000,23,0.05,0.391,291,2,0.0,0.0,heuristic,1.0,0.0,13.0,,,0.391,False,ok
gosdt_guesses_guided,fico_1k,1000,23,0.02,0.3309999999999999,291,2,0.0,0.0,heuristic,21.0,21.0,13.0,,,0.331,False,ok
gosdt_guesses_guided,fico_1k,1000,23,0.01,0.304,264,4,0.003,0.003,heuristic,465.0,1044.0,13.0,,,0.304,False,ok
gosdt_guesses_guided,fico_1k,1000,23,0.005,0.284,264,4,0.035,0.035,heuristic,2460.0,9018.0,13.0,,,0.284,False,ok
gosdt_guesses_guided,sine_1k,1000,1,0.1,0.595,495,1,0.0,0.0,heuristic,1.0,0.0,7.0,,,0.595,True,ok
gosdt_guesses_guided,sine_1k,1000,1,0.05,0.545,495,1,0.0,0.0,heuristic,1.0,0.0,7.0,,,0.545,False,ok
gosdt_guesses_guided,sine_1k,1000,1,0.02,0.494,454,2,0.0,0.0,heuristic,25.0,47.0,7.0,,,0.494,False,ok
gosdt_guesses_guided,sine_1k,1000,1,0.01,0.4669999999999999,407,6,0.0,0.0,heuristic,36.0,168.0,7.0,,,0.443,False,worse_than_known
gosdt_guesses_guided,sine_1k,1000,1,0.005,0.4369999999999999,407,6,0.0,0.0,heuristic,36.0,168.0,7.0,,,0.4,False,worse_than_known
gosdt_guesses_guided,car_evaluation,1728,15,0.1,0.3997685185185186,518,1,0.0,0.0,heuristic,1.0,0.0,2.0,,,0.399769,True,ok
gosdt_guesses_guided,car_evaluation,1728,15,0.05,0.2946759259259259,250,3,0.0,0.0,heuristic,5.0,5.0,2.0,,,0.294676,True,ok
gosdt_guesses_guided,car_evaluation,1728,15,0.02,0.2046759259259259,250,3,0.0,0.0,heuristic,5.0,5.0,2.0,,,0.204676,True,ok
gosdt_guesses_guided,car_evaluation,1728,15,0.01,0.1746759259259259,250,3,0.0,0.0,heuristic,5.0,5.0,2.0,,,0.145231,True,worse_than_known
gosdt_guesses_guided,car_evaluation,1728,15,0.005,0.1596759259259259,250,3,0.0,0.0,heuristic,5.0,5.0,2.0,,,0.106343,True,worse_than_known
gosdt_guesses_guided,coupon_bar,1913,14,0.1,0.5119184526921067,788,1,0.0,0.0,heuristic,1.0,0.0,4.0,,,0.511918,True,ok
gosdt_guesses_guided,coupon_bar,1913,14,0.05,0.4538944066910612,677,2,0.0,0.0,heuristic,1.0,0.0,4.0,,,0.453894,True,ok
gosdt_guesses_guided,coupon_bar,1913,14,0.02,0.3715525352848928,596,3,0.0,0.0,heuristic,18.0,21.0,4.0,,,0.371553,True,ok
gosdt_guesses_guided,coupon_bar,1913,14,0.01,0.3415525352848928,596,3,0.0,0.0,heuristic,20.0,26.0,4.0,,,0.341098,True,worse_than_known
gosdt_guesses_guided,coupon_bar,1913,14,0.005,0.325279665446942,584,4,0.0,0.0,heuristic,24.0,41.0,4.0,,,0.31862,True,worse_than_known
gosdt_guesses_guided,compas_binned,6907,12,0.1,0.5610829593166353,2494,2,0.0,0.0,heuristic,1.0,0.0,6.0,,,0.561083,True,ok
gosdt_guesses_guided,compas_binned,6907,12,0.05,0.4610829593166353,2494,2,0.0,0.0,heuristic,1.0,0.0,6.0,,,0.461083,True,ok
gosdt_guesses_guided,compas_binned,6907,12,0.02,0.4010829593166353,2494,2,0.0,0.0,heuristic,7.0,7.0,6.0,,,0.401083,True,ok
gosdt_guesses_guided,compas_binned,6907,12,0.01,0.3748675256985666,2382,3,0.0,0.0,heuristic,20.0,21.0,6.0,,,0.374868,True,ok
gosdt_guesses_guided,compas_binned,6907,12,0.005,0.3577732734906617,2333,4,0.0,0.0,heuristic,53.0,79.0,6.0,,,0.355969,True,worse_than_known
gosdt_guesses_guided,fico_binary,10459,17,0.1,0.5040443637058992,3180,2,0.0,0.0,heuristic,1.0,0.0,12.0,,,0.504044,True,ok
gosdt_guesses_guided,fico_binary,10459,17,0.05,0.4040443637058992,3180,2,0.0,0.0,heuristic,1.0,0.0,12.0,,,0.404044,True,ok
gosdt_guesses_guided,fico_binary,10459,17,0.02,0.3440443637058992,3180,2,0.0,0.0,heuristic,11.0,11.0,12.0,,,0.344044,True,ok
gosdt_guesses_guided,fico_binary,10459,17,0.01,0.3240443637058992,3180,2,0.001,0.001,heuristic,68.0,90.0,12.0,,,0.324044,True,ok
gosdt_guesses_guided,fico_binary,10459,17,0.005,0.308650922650349,3019,4,0.027,0.027,heuristic,832.0,1685.0,12.0,,,0.308651,True,ok
gosdt_guesses_guided,compas_processed,12381,22,0.1,0.411364187060819,3855,1,0.0,0.0,heuristic,1.0,0.0,11.0,,,0.411364,True,ok
gosdt_guesses_guided,compas_processed,12381,22,0.05,0.3613641870608189,3855,1,0.0,0.0,heuristic,1.0,0.0,11.0,,,0.361364,True,ok
gosdt_guesses_guided,compas_processed,12381,22,0.02,0.3278604313060334,3564,2,0.0,0.0,heuristic,1.0,0.0,11.0,,,0.32786,False,ok
gosdt_guesses_guided,compas_processed,12381,22,0.01,0.3078604313060334,3564,2,0.0,0.0,heuristic,1.0,0.0,11.0,,,0.30786,False,ok
gosdt_guesses_guided,compas_processed,12381,22,0.005,0.2978604313060334,3564,2,0.0,0.0,heuristic,1.0,0.0,11.0,,,0.29786,False,ok
gosdt_mc8,chudi,77,2,0.1,0.464935064935065,5,4,0.0,0.262,optimal,123,2887,48,0.464935,0.464935,0.464935,True,ok
gosdt_mc8,chudi,77,2,0.05,0.25,0,5,0.011,0.267,optimal,1454,7015,48,0.25,0.25,0.25,True,ok
gosdt_mc8,chudi,77,2,0.02,0.1,0,5,0.257,0.533,optimal,3697,29967,48,0.1,0.1,0.1,True,ok
gosdt_mc8,chudi,77,2,0.01,0.05,0,5,0.913,1.057,optimal,4125,43667,48,0.05,0.05,0.05,True,ok
gosdt_mc8,chudi,77,2,0.005,0.025,0,5,1.367,1.574,optimal,4185,53262,48,0.025,0.025,0.025,True,ok
gosdt_mc8,monk_3,122,11,0.1,0.5213114754098361,27,3,0.0,0.278,optimal,28,4096,13,0.521311,0.521311,0.521311,True,ok
gosdt_mc8,monk_3,122,11,0.05,0.3713114754098361,27,3,0.002,0.266,optimal,661,4643,13,0.371311,0.371311,0.371311,True,ok
gosdt_mc8,monk_3,122,11,0.02,0.24295081967213114,15,6,0.015,0.267,optimal,3711,13337,13,0.242951,0.242951,0.242951,True,ok
gosdt_mc8,monk_3,122,11,0.01,0.15557377049180326,8,9,0.072,0.265,optimal,6947,34166,13,0.155574,0.155574,0.155574,True,ok
gosdt_mc8,monk_3,122,11,0.005,0.09459016393442624,3,14,0.278,0.538,optimal,9220,66408,13,0.0945902,0.0945902,0.09459,True,ok
gosdt_mc8,monk_1,124,11,0.1,0.4661290322580645,33,2,0.0,0.268,optimal,29,2329,13,0.466129,0.466129,0.466129,True,ok
gosdt_mc8,monk_1,124,11,0.05,0.33870967741935487,11,5,0.001,0.262,optimal,332,4194,13,0.33871,0.33871,0.33871,True,ok
gosdt_mc8,monk_1,124,11,0.02,0.16,0,8,0.019,0.281,optimal,3814,13168,13,0.16,0.16,0.16,True,ok
gosdt_mc8,monk_1,124,11,0.01,0.08,0,8,0.078,0.272,optimal,7067,31462,13,0.08,0.08,0.08,True,ok
gosdt_mc8,monk_1,124,11,0.005,0.04,0,8,0.232,0.271,optimal,8781,54663,13,0.04,0.04,0.04,True,ok
gosdt_mc8,iris,150,4,0.1,0.34,6,3,0.022,0.28,optimal,1571,8474,122,0.34,0.34,0.34,True,ok
gosdt_mc8,iris,150,4,0.05,0.19000000000000003,6,3,0.394,0.536,optimal,16770,62374,122,0.19,0.19,0.19,True,ok
gosdt_mc8,iris,150,4,0.02,0.1,3,4,3.308,3.664,optimal,76313,526539,122,0.1,0.1,0.1,True,ok
gosdt_mc8,iris,150,4,0.01,0.06,3,4,30.0,31.314,time,208093,2401618,122,0.03,0.353333,0.06,True,ok
gosdt_mc8,iris,150,4,0.005,0.04,3,4,30.0,32.296,time,207538,2399900,122,0.02,0.055,0.038333,True,worse_than_known
gosdt_mc8,monk_2,169,11,0.1,0.47869822485207103,64,1,0.0,0.27,optimal,23,5773,13,0.478698,0.478698,0.478698,True,ok
gosdt_mc8,monk_2,169,11,0.05,0.428698224852071,64,1,0.003,0.267,optimal,661,3485,13,0.428698,0.428698,0.428698,True,ok
gosdt_mc8,monk_2,169,11,0.02,0.37301775147928995,36,8,30.0,30.209,time,4545,193038564,13,0.188757,0.373018,0.358935,True,worse_than_known
gosdt_mc8,monk_2,169,11,0.01,0.2650887573964497,11,20,30.0,30.195,time,8894,185255586,13,0.127337,0.265089,0.265089,True,ok
gosdt_mc8,monk_2,169,11,0.005,0.15275147928994084,3,27,30.0,30.173,time,12051,188175570,13,0.02,0.152751,0.152751,True,ok
gosdt_mc8,tic-tac-toe,958,9,0.1,0.4465553235908142,332,1,0.0,0.274,optimal,55,8856,29,0.446555,0.446555,0.446555,True,ok
gosdt_mc8,tic-tac-toe,958,9,0.05,0.3965553235908142,332,1,0.045,0.27,optimal,4527,10054,29,0.396555,0.396555,0.396555,True,ok
gosdt_mc8,tic-tac-toe,958,9,0.02,0.32459290187891443,196,6,30.0,30.753,time,370478,165097758,29,0.150104,0.324593,0.31833,True,worse_than_known
gosdt_mc8,tic-tac-toe,958,9,0.01,0.32062630480167015,288,2,30.0,37.569,time,1151249,3039390,29,0.04,0.320626,0.250752,True,worse_than_known
gosdt_mc8,tic-tac-toe,958,9,0.005,nan,,,30.0,4.671,memory,,,,,,0.15428,True,no_tree
gosdt_mc8,gaussian_1k,1000,1,0.1,0.397,297,1,0.038,0.262,optimal,393,55288,1001,0.397,0.397,0.397,True,ok
gosdt_mc8,gaussian_1k,1000,1,0.05,0.275,125,3,30.0,31.039,time,23204,467502,1001,0.2,0.275,0.275,True,ok
gosdt_mc8,gaussian_1k,1000,1,0.02,0.317,297,1,30.0,35.499,time,34851,175848,1001,0.06,0.317,0.185,True,worse_than_known
gosdt_mc8,gaussian_1k,1000,1,0.01,nan,,,30.0,90.548,time,,,,,,0.155,True,no_tree
gosdt_mc8,gaussian_1k,1000,1,0.005,nan,,,30.0,1.331,memory,,,,,,0.14,True,no_tree
gosdt_mc8,fico_1k,1000,23,0.1,nan,,,30.0,90.462,time,,,,,,0.491,True,no_tree
gosdt_mc8,fico_1k,1000,23,0.05,nan,,,30.0,90.902,time,,,,,,0.391,False,no_tree
gosdt_mc8,fico_1k,1000,23,0.02,nan,,,30.0,90.748,time,,,,,,0.331,False,no_tree
gosdt_mc8,fico_1k,1000,23,0.01,nan,,,30.0,90.719,time,,,,,,0.304,False,no_tree
gosdt_mc8,fico_1k,1000,23,0.005,nan,,,30.0,90.349,time,,,,,,0.284,False,no_tree
gosdt_mc8,sine_1k,1000,1,0.1,nan,,,30.0,90.339,time,,,,,,0.595,True,no_tree
gosdt_mc8,sine_1k,1000,1,0.05,nan,,,30.0,90.551,time,,,,,,0.545,False,no_tree
gosdt_mc8,sine_1k,1000,1,0.02,nan,,,30.0,1.354,memory,,,,,,0.494,False,no_tree
gosdt_mc8,sine_1k,1000,1,0.01,nan,,,30.0,90.476,time,,,,,,0.443,False,no_tree
gosdt_mc8,sine_1k,1000,1,0.005,nan,,,30.0,1.602,memory,,,,,,0.4,False,no_tree
gosdt_mc8,car_evaluation,1728,15,0.1,0.3997685185185186,518,1,0.0,0.274,optimal,21,3955,17,0.399769,0.399769,0.399769,True,ok
gosdt_mc8,car_evaluation,1728,15,0.05,0.29467592592592595,250,3,0.003,0.283,optimal,447,3226,17,0.294676,0.294676,0.294676,True,ok
gosdt_mc8,car_evaluation,1728,15,0.02,0.20467592592592593,250,3,30.0,30.086,time,18329,201425527,17,0.08,0.204676,0.204676,True,ok
gosdt_mc8,car_evaluation,1728,15,0.01,0.16523148148148148,130,9,30.0,30.248,time,62752,201237170,17,0.04,0.165231,0.145231,True,worse_than_known
gosdt_mc8,car_evaluation,1728,15,0.005,0.1263425925925926,106,13,30.0,30.52,time,125330,188408349,17,0.02,0.126343,0.106343,True,worse_than_known
gosdt_mc8,coupon_bar,1913,14,0.1,0.5119184526921067,788,1,0.0,0.275,optimal,1,1549,16,0.511918,0.511918,0.511918,True,ok
gosdt_mc8,coupon_bar,1913,14,0.05,0.4538944066910612,677,2,0.0,0.271,optimal,29,3121,16,0.453894,0.453894,0.453894,True,ok
gosdt_mc8,coupon_bar,1913,14,0.02,0.37155253528489285,596,3,0.004,0.264,optimal,694,4169,16,0.371553,0.371553,0.371553,True,ok
gosdt_mc8,coupon_bar,1913,14,0.01,0.3410977522216414,576,4,30.0,30.171,time,8775,186926651,16,0.310324,0.341098,0.341098,True,ok
gosdt_mc8,coupon_bar,1913,14,0.005,0.31982488238369056,564,5,30.0,30.212,time,27605,195985797,16,0.283983,0.319825,0.31862,True,worse_than_known
gosdt_mc8,compas_binned,6907,12,0.1,0.5610829593166353,2494,2,0.0,0.269,optimal,1,2827,14,0.561083,0.561083,0.561083,True,ok
gosdt_mc8,compas_binned,6907,12,0.05,0.46108295931663534,2494,2,0.0,0.268,optimal,1,2454,14,0.461083,0.461083,0.461083,True,ok
gosdt_mc8,compas_binned,6907,12,0.02,0.4010829593166353,2494,2,0.0,0.272,optimal,21,8285,14,0.401083,0.401083,0.401083,True,ok
gosdt_mc8,compas_binned,6907,12,0.01,0.37486752569856663,2382,3,0.002,0.276,optimal,215,4806,14,0.374868,0.374868,0.374868,True,ok
gosdt_mc8,compas_binned,6907,12,0.005,0.355968582597365,2286,5,0.02,0.278,optimal,1505,7776,14,0.355969,0.355969,0.355969,True,ok
gosdt_mc8,fico_binary,10459,17,0.1,0.5040443637058992,3180,2,0.0,0.275,optimal,1,3142,19,0.504044,0.504044,0.504044,True,ok
gosdt_mc8,fico_binary,10459,17,0.05,0.40404436370589925,3180,2,0.0,0.284,optimal,25,11158,19,0.404044,0.404044,0.404044,True,ok
gosdt_mc8,fico_binary,10459,17,0.02,0.3440443637058992,3180,2,0.017,0.292,optimal,683,8999,19,0.344044,0.344044,0.344044,True,ok
gosdt_mc8,fico_binary,10459,17,0.01,0.32404436370589923,3180,2,0.655,0.793,optimal,23062,63430,19,0.324044,0.324044,0.324044,True,ok
gosdt_mc8,fico_binary,10459,17,0.005,0.308650922650349,3019,4,30.0,30.555,time,160074,144793685,19,0.24003,0.308651,0.308651,True,ok
gosdt_mc8,compas_processed,12381,22,0.1,0.411364187060819,3855,1,9.078,9.479,optimal,759,1735251,645,0.411364,0.411364,0.411364,True,ok
gosdt_mc8,compas_processed,12381,22,0.05,nan,,,30.0,90.731,time,,,,,,0.361364,True,no_tree
gosdt_mc8,compas_processed,12381,22,0.02,nan,,,30.0,1.359,memory,,,,,,0.32786,False,no_tree
gosdt_mc8,compas_processed,12381,22,0.01,nan,,,30.0,1.088,memory,,,,,,0.30786,False,no_tree
gosdt_mc8,compas_processed,12381,22,0.005,nan,,,30.0,1.083,memory,,,,,,0.29786,False,no_tree
